25-10-19 02:08:29.058 :   task: 0529msrresnet_gan_kd_x2_s4_for nc128 le-4 IR 20000
  model: gan
  gpu_ids: [1]
  scale: 2
  n_channels: 3
  sigma: [0, 50]
  sigma_test: 0
  merge_bn: False
  merge_bn_startpoint: 400000
  path:[
    root: superresolution
    pretrained_netG: None
    pretrained_netD: None
    task: superresolution/0529msrresnet_gan_kd_x2_s4_for nc128 le-4 IR 20000
    log: superresolution/0529msrresnet_gan_kd_x2_s4_for nc128 le-4 IR 20000
    options: superresolution/0529msrresnet_gan_kd_x2_s4_for nc128 le-4 IR 20000/options
    models: superresolution/0529msrresnet_gan_kd_x2_s4_for nc128 le-4 IR 20000/models
    images: superresolution/0529msrresnet_gan_kd_x2_s4_for nc128 le-4 IR 20000/images
  ]
  datasets:[
    train:[
      name: train_dataset
      dataset_type: sr
      dataroot_H: /home/pamasi/deep_learning/ir/dataset_sr/dataset_CIDIS_sisr_x8/thermal/train/GT
      dataroot_L: /home/pamasi/deep_learning/ir/dataset_sr/dataset_CIDIS_sisr_x8/thermal/train/LR_x8
      H_size: 96
      dataloader_shuffle: True
      dataloader_num_workers: 8
      dataloader_batch_size: 32
      phase: train
      scale: 2
      n_channels: 3
    ]
    test:[
      name: test_dataset
      dataset_type: sr
      dataroot_H: /home/pamasi/deep_learning/ir/dataset_sr/dataset_CIDIS_sisr_x8/val/test/GT
      dataroot_L: /home/pamasi/deep_learning/ir/dataset_sr/dataset_CIDIS_sisr_x8/val/test/LR_x8
      phase: test
      scale: 2
      n_channels: 3
    ]
  ]
  netG:[
    net_type: msrresnet0
    en_net_type: D_msrresnet0
    enhance: no_enhance
    in_nc: 3
    out_nc: 3
    nc: 64
    nb: 16
    gc: 32
    ng: 2
    reduction: 16
    act_mode: R
    upsample_mode: upconv
    downsample_mode: strideconv
    init_type: orthogonal
    init_bn_type: uniform
    init_gain: 0.2
    scale: 2
  ]
  netD:[
    net_type: discriminator_vgg_96
    in_nc: 3
    act_mode: BL
    base_nc: 64
    init_type: orthogonal
    init_bn_type: uniform
    init_gain: 0.2
  ]
  train:[
    G_lossfn_type: l1
    G_lossfn_weight: 0.01
    F_lossfn_type: l1
    F_lossfn_weight: 1
    gan_type: ragan
    D_lossfn_weight: 0.005
    D_init_iters: 0
    G_optimizer_type: adam
    G_optimizer_lr: 0.0001
    G_optimizer_wd: 0
    D_optimizer_type: adam
    D_optimizer_lr: 0.0001
    D_optimizer_wd: 0
    G_scheduler_type: MultiStepLR
    G_scheduler_milestones: [100000, 200000, 1200000, 2000000]
    G_scheduler_gamma: 0.5
    D_scheduler_type: MultiStepLR
    D_scheduler_milestones: [100000, 200000, 1200000, 2000000]
    D_scheduler_gamma: 0.5
    checkpoint_test: 5000
    checkpoint_save: 5000
    checkpoint_print: 200
  ]
  opt_path: options/train_kdsrgan.json
  is_train: True

25-10-19 02:08:29.058 : Random seed: 1254
25-10-19 02:08:29.068 : Number of train images: 700, iters: 22
25-10-19 02:08:43.098 :   task: 0529msrresnet_gan_kd_x2_s4_for nc128 le-4 IR 20000
  model: gan
  gpu_ids: [1]
  scale: 2
  n_channels: 3
  sigma: [0, 50]
  sigma_test: 0
  merge_bn: False
  merge_bn_startpoint: 400000
  path:[
    root: superresolution
    pretrained_netG: None
    pretrained_netD: None
    task: superresolution/0529msrresnet_gan_kd_x2_s4_for nc128 le-4 IR 20000
    log: superresolution/0529msrresnet_gan_kd_x2_s4_for nc128 le-4 IR 20000
    options: superresolution/0529msrresnet_gan_kd_x2_s4_for nc128 le-4 IR 20000/options
    models: superresolution/0529msrresnet_gan_kd_x2_s4_for nc128 le-4 IR 20000/models
    images: superresolution/0529msrresnet_gan_kd_x2_s4_for nc128 le-4 IR 20000/images
  ]
  datasets:[
    train:[
      name: train_dataset
      dataset_type: sr
      dataroot_H: /home/pamasi/deep_learning/ir/dataset_sr/dataset_CIDIS_sisr_x8/thermal/train/GT
      dataroot_L: /home/pamasi/deep_learning/ir/dataset_sr/dataset_CIDIS_sisr_x8/thermal/train/LR_x8
      H_size: 96
      dataloader_shuffle: True
      dataloader_num_workers: 8
      dataloader_batch_size: 32
      phase: train
      scale: 2
      n_channels: 3
    ]
    test:[
      name: test_dataset
      dataset_type: sr
      dataroot_H: /home/pamasi/deep_learning/ir/dataset_sr/dataset_CIDIS_sisr_x8/val/GT
      dataroot_L: /home/pamasi/deep_learning/ir/dataset_sr/dataset_CIDIS_sisr_x8/val/LR_x8
      phase: test
      scale: 2
      n_channels: 3
    ]
  ]
  netG:[
    net_type: msrresnet0
    en_net_type: D_msrresnet0
    enhance: no_enhance
    in_nc: 3
    out_nc: 3
    nc: 64
    nb: 16
    gc: 32
    ng: 2
    reduction: 16
    act_mode: R
    upsample_mode: upconv
    downsample_mode: strideconv
    init_type: orthogonal
    init_bn_type: uniform
    init_gain: 0.2
    scale: 2
  ]
  netD:[
    net_type: discriminator_vgg_96
    in_nc: 3
    act_mode: BL
    base_nc: 64
    init_type: orthogonal
    init_bn_type: uniform
    init_gain: 0.2
  ]
  train:[
    G_lossfn_type: l1
    G_lossfn_weight: 0.01
    F_lossfn_type: l1
    F_lossfn_weight: 1
    gan_type: ragan
    D_lossfn_weight: 0.005
    D_init_iters: 0
    G_optimizer_type: adam
    G_optimizer_lr: 0.0001
    G_optimizer_wd: 0
    D_optimizer_type: adam
    D_optimizer_lr: 0.0001
    D_optimizer_wd: 0
    G_scheduler_type: MultiStepLR
    G_scheduler_milestones: [100000, 200000, 1200000, 2000000]
    G_scheduler_gamma: 0.5
    D_scheduler_type: MultiStepLR
    D_scheduler_milestones: [100000, 200000, 1200000, 2000000]
    D_scheduler_gamma: 0.5
    checkpoint_test: 5000
    checkpoint_save: 5000
    checkpoint_print: 200
  ]
  opt_path: options/train_kdsrgan.json
  is_train: True

25-10-19 02:08:43.099 : Random seed: 1774
25-10-19 02:08:43.104 : Number of train images: 700, iters: 22
25-10-19 02:09:27.550 :   task: 0529msrresnet_gan_kd_x2_s4_for nc128 le-4 IR 20000
  model: gan
  gpu_ids: [1]
  scale: 2
  n_channels: 3
  sigma: [0, 50]
  sigma_test: 0
  merge_bn: False
  merge_bn_startpoint: 400000
  path:[
    root: superresolution
    pretrained_netG: None
    pretrained_netD: None
    task: superresolution/0529msrresnet_gan_kd_x2_s4_for nc128 le-4 IR 20000
    log: superresolution/0529msrresnet_gan_kd_x2_s4_for nc128 le-4 IR 20000
    options: superresolution/0529msrresnet_gan_kd_x2_s4_for nc128 le-4 IR 20000/options
    models: superresolution/0529msrresnet_gan_kd_x2_s4_for nc128 le-4 IR 20000/models
    images: superresolution/0529msrresnet_gan_kd_x2_s4_for nc128 le-4 IR 20000/images
  ]
  datasets:[
    train:[
      name: train_dataset
      dataset_type: sr
      dataroot_H: /home/pamasi/deep_learning/ir/dataset_sr/dataset_CIDIS_sisr_x8/thermal/train/GT
      dataroot_L: /home/pamasi/deep_learning/ir/dataset_sr/dataset_CIDIS_sisr_x8/thermal/train/LR_x8
      H_size: 96
      dataloader_shuffle: True
      dataloader_num_workers: 8
      dataloader_batch_size: 32
      phase: train
      scale: 2
      n_channels: 3
    ]
    test:[
      name: test_dataset
      dataset_type: sr
      dataroot_H: /home/pamasi/deep_learning/ir/dataset_sr/dataset_CIDIS_sisr_x8/thermal/val/GT
      dataroot_L: /home/pamasi/deep_learning/ir/dataset_sr/dataset_CIDIS_sisr_x8/thermal/val/LR_x8
      phase: test
      scale: 2
      n_channels: 3
    ]
  ]
  netG:[
    net_type: msrresnet0
    en_net_type: D_msrresnet0
    enhance: no_enhance
    in_nc: 3
    out_nc: 3
    nc: 64
    nb: 16
    gc: 32
    ng: 2
    reduction: 16
    act_mode: R
    upsample_mode: upconv
    downsample_mode: strideconv
    init_type: orthogonal
    init_bn_type: uniform
    init_gain: 0.2
    scale: 2
  ]
  netD:[
    net_type: discriminator_vgg_96
    in_nc: 3
    act_mode: BL
    base_nc: 64
    init_type: orthogonal
    init_bn_type: uniform
    init_gain: 0.2
  ]
  train:[
    G_lossfn_type: l1
    G_lossfn_weight: 0.01
    F_lossfn_type: l1
    F_lossfn_weight: 1
    gan_type: ragan
    D_lossfn_weight: 0.005
    D_init_iters: 0
    G_optimizer_type: adam
    G_optimizer_lr: 0.0001
    G_optimizer_wd: 0
    D_optimizer_type: adam
    D_optimizer_lr: 0.0001
    D_optimizer_wd: 0
    G_scheduler_type: MultiStepLR
    G_scheduler_milestones: [100000, 200000, 1200000, 2000000]
    G_scheduler_gamma: 0.5
    D_scheduler_type: MultiStepLR
    D_scheduler_milestones: [100000, 200000, 1200000, 2000000]
    D_scheduler_gamma: 0.5
    checkpoint_test: 5000
    checkpoint_save: 5000
    checkpoint_print: 200
  ]
  opt_path: options/train_kdsrgan.json
  is_train: True

25-10-19 02:09:27.551 : Random seed: 9168
25-10-19 02:09:27.555 : Number of train images: 700, iters: 22
25-10-19 02:09:39.677 :   task: 0529msrresnet_gan_kd_x2_s4_for nc128 le-4 IR 20000
  model: gan
  gpu_ids: [1]
  scale: 2
  n_channels: 3
  sigma: [0, 50]
  sigma_test: 0
  merge_bn: False
  merge_bn_startpoint: 400000
  path:[
    root: superresolution
    pretrained_netG: None
    pretrained_netD: None
    task: superresolution/0529msrresnet_gan_kd_x2_s4_for nc128 le-4 IR 20000
    log: superresolution/0529msrresnet_gan_kd_x2_s4_for nc128 le-4 IR 20000
    options: superresolution/0529msrresnet_gan_kd_x2_s4_for nc128 le-4 IR 20000/options
    models: superresolution/0529msrresnet_gan_kd_x2_s4_for nc128 le-4 IR 20000/models
    images: superresolution/0529msrresnet_gan_kd_x2_s4_for nc128 le-4 IR 20000/images
  ]
  datasets:[
    train:[
      name: train_dataset
      dataset_type: sr
      dataroot_H: /home/pamasi/deep_learning/ir/dataset_sr/dataset_CIDIS_sisr_x8/thermal/train/GT
      dataroot_L: /home/pamasi/deep_learning/ir/dataset_sr/dataset_CIDIS_sisr_x8/thermal/train/LR_x8
      H_size: 96
      dataloader_shuffle: True
      dataloader_num_workers: 8
      dataloader_batch_size: 32
      phase: train
      scale: 2
      n_channels: 3
    ]
    test:[
      name: test_dataset
      dataset_type: sr
      dataroot_H: /home/pamasi/deep_learning/ir/dataset_sr/dataset_CIDIS_sisr_x8/thermal/val/GT
      dataroot_L: /home/pamasi/deep_learning/ir/dataset_sr/dataset_CIDIS_sisr_x8/thermal/val/LR_x8
      phase: test
      scale: 2
      n_channels: 3
    ]
  ]
  netG:[
    net_type: msrresnet0
    en_net_type: D_msrresnet0
    enhance: no_enhance
    in_nc: 3
    out_nc: 3
    nc: 64
    nb: 16
    gc: 32
    ng: 2
    reduction: 16
    act_mode: R
    upsample_mode: upconv
    downsample_mode: strideconv
    init_type: orthogonal
    init_bn_type: uniform
    init_gain: 0.2
    scale: 2
  ]
  netD:[
    net_type: discriminator_vgg_96
    in_nc: 3
    act_mode: BL
    base_nc: 64
    init_type: orthogonal
    init_bn_type: uniform
    init_gain: 0.2
  ]
  train:[
    G_lossfn_type: l1
    G_lossfn_weight: 0.01
    F_lossfn_type: l1
    F_lossfn_weight: 1
    gan_type: ragan
    D_lossfn_weight: 0.005
    D_init_iters: 0
    G_optimizer_type: adam
    G_optimizer_lr: 0.0001
    G_optimizer_wd: 0
    D_optimizer_type: adam
    D_optimizer_lr: 0.0001
    D_optimizer_wd: 0
    G_scheduler_type: MultiStepLR
    G_scheduler_milestones: [100000, 200000, 1200000, 2000000]
    G_scheduler_gamma: 0.5
    D_scheduler_type: MultiStepLR
    D_scheduler_milestones: [100000, 200000, 1200000, 2000000]
    D_scheduler_gamma: 0.5
    checkpoint_test: 5000
    checkpoint_save: 5000
    checkpoint_print: 200
  ]
  opt_path: options/train_kdsrgan.json
  is_train: True

25-10-19 02:09:39.677 : Random seed: 5550
25-10-19 02:09:39.682 : Number of train images: 700, iters: 22
25-10-19 02:10:06.838 :   task: 0529msrresnet_gan_kd_x2_s4_for nc128 le-4 IR 20000
  model: gan
  gpu_ids: [0]
  scale: 2
  n_channels: 1
  sigma: [0, 50]
  sigma_test: 0
  merge_bn: False
  merge_bn_startpoint: 400000
  path:[
    root: superresolution
    pretrained_netG: None
    pretrained_netD: None
    task: superresolution/0529msrresnet_gan_kd_x2_s4_for nc128 le-4 IR 20000
    log: superresolution/0529msrresnet_gan_kd_x2_s4_for nc128 le-4 IR 20000
    options: superresolution/0529msrresnet_gan_kd_x2_s4_for nc128 le-4 IR 20000/options
    models: superresolution/0529msrresnet_gan_kd_x2_s4_for nc128 le-4 IR 20000/models
    images: superresolution/0529msrresnet_gan_kd_x2_s4_for nc128 le-4 IR 20000/images
  ]
  datasets:[
    train:[
      name: train_dataset
      dataset_type: sr
      dataroot_H: /home/pamasi/deep_learning/ir/dataset_sr/dataset_CIDIS_sisr_x8/thermal/train/GT
      dataroot_L: /home/pamasi/deep_learning/ir/dataset_sr/dataset_CIDIS_sisr_x8/thermal/train/LR_x8
      H_size: 96
      dataloader_shuffle: True
      dataloader_num_workers: 8
      dataloader_batch_size: 32
      phase: train
      scale: 2
      n_channels: 1
    ]
    test:[
      name: test_dataset
      dataset_type: sr
      dataroot_H: /home/pamasi/deep_learning/ir/dataset_sr/dataset_CIDIS_sisr_x8/thermal/val/GT
      dataroot_L: /home/pamasi/deep_learning/ir/dataset_sr/dataset_CIDIS_sisr_x8/thermal/val/LR_x8
      phase: test
      scale: 2
      n_channels: 1
    ]
  ]
  netG:[
    net_type: msrresnet0
    en_net_type: D_msrresnet0
    enhance: no_enhance
    in_nc: 3
    out_nc: 3
    nc: 64
    nb: 16
    gc: 32
    ng: 2
    reduction: 16
    act_mode: R
    upsample_mode: upconv
    downsample_mode: strideconv
    init_type: orthogonal
    init_bn_type: uniform
    init_gain: 0.2
    scale: 2
  ]
  netD:[
    net_type: discriminator_vgg_96
    in_nc: 3
    act_mode: BL
    base_nc: 64
    init_type: orthogonal
    init_bn_type: uniform
    init_gain: 0.2
  ]
  train:[
    G_lossfn_type: l1
    G_lossfn_weight: 0.01
    F_lossfn_type: l1
    F_lossfn_weight: 1
    gan_type: ragan
    D_lossfn_weight: 0.005
    D_init_iters: 0
    G_optimizer_type: adam
    G_optimizer_lr: 0.0001
    G_optimizer_wd: 0
    D_optimizer_type: adam
    D_optimizer_lr: 0.0001
    D_optimizer_wd: 0
    G_scheduler_type: MultiStepLR
    G_scheduler_milestones: [100000, 200000, 1200000, 2000000]
    G_scheduler_gamma: 0.5
    D_scheduler_type: MultiStepLR
    D_scheduler_milestones: [100000, 200000, 1200000, 2000000]
    D_scheduler_gamma: 0.5
    checkpoint_test: 5000
    checkpoint_save: 5000
    checkpoint_print: 200
  ]
  opt_path: options/train_kdsrgan.json
  is_train: True

25-10-19 02:10:06.838 : Random seed: 9354
25-10-19 02:10:06.842 : Number of train images: 700, iters: 22
25-10-19 02:18:47.216 :   task: 0529msrresnet_gan_kd_x2_s4_for nc128 le-4 IR 20000
  model: gan
  gpu_ids: [0]
  scale: 2
  n_channels: 1
  sigma: [0, 50]
  sigma_test: 0
  merge_bn: False
  merge_bn_startpoint: 400000
  path:[
    root: superresolution
    pretrained_netG: None
    pretrained_netD: None
    task: superresolution/0529msrresnet_gan_kd_x2_s4_for nc128 le-4 IR 20000
    log: superresolution/0529msrresnet_gan_kd_x2_s4_for nc128 le-4 IR 20000
    options: superresolution/0529msrresnet_gan_kd_x2_s4_for nc128 le-4 IR 20000/options
    models: superresolution/0529msrresnet_gan_kd_x2_s4_for nc128 le-4 IR 20000/models
    images: superresolution/0529msrresnet_gan_kd_x2_s4_for nc128 le-4 IR 20000/images
  ]
  datasets:[
    train:[
      name: train_dataset
      dataset_type: sr
      dataroot_H: /home/pamasi/deep_learning/ir/dataset_sr/dataset_CIDIS_sisr_x8/thermal/train/GT
      dataroot_L: /home/pamasi/deep_learning/ir/dataset_sr/dataset_CIDIS_sisr_x8/thermal/train/LR_x8
      H_size: 96
      dataloader_shuffle: True
      dataloader_num_workers: 8
      dataloader_batch_size: 32
      phase: train
      scale: 2
      n_channels: 1
    ]
    test:[
      name: test_dataset
      dataset_type: sr
      dataroot_H: /home/pamasi/deep_learning/ir/dataset_sr/dataset_CIDIS_sisr_x8/thermal/val/GT
      dataroot_L: /home/pamasi/deep_learning/ir/dataset_sr/dataset_CIDIS_sisr_x8/thermal/val/LR_x8
      phase: test
      scale: 2
      n_channels: 1
    ]
  ]
  netG:[
    net_type: msrresnet0
    en_net_type: D_msrresnet0
    enhance: no_enhance
    in_nc: 3
    out_nc: 3
    nc: 64
    nb: 16
    gc: 32
    ng: 2
    reduction: 16
    act_mode: R
    upsample_mode: upconv
    downsample_mode: strideconv
    init_type: orthogonal
    init_bn_type: uniform
    init_gain: 0.2
    scale: 2
  ]
  netD:[
    net_type: discriminator_vgg_96
    in_nc: 3
    act_mode: BL
    base_nc: 64
    init_type: orthogonal
    init_bn_type: uniform
    init_gain: 0.2
  ]
  train:[
    G_lossfn_type: l1
    G_lossfn_weight: 0.01
    F_lossfn_type: l1
    F_lossfn_weight: 1
    gan_type: ragan
    D_lossfn_weight: 0.005
    D_init_iters: 0
    G_optimizer_type: adam
    G_optimizer_lr: 0.0001
    G_optimizer_wd: 0
    D_optimizer_type: adam
    D_optimizer_lr: 0.0001
    D_optimizer_wd: 0
    G_scheduler_type: MultiStepLR
    G_scheduler_milestones: [100000, 200000, 1200000, 2000000]
    G_scheduler_gamma: 0.5
    D_scheduler_type: MultiStepLR
    D_scheduler_milestones: [100000, 200000, 1200000, 2000000]
    D_scheduler_gamma: 0.5
    checkpoint_test: 5000
    checkpoint_save: 5000
    checkpoint_print: 200
  ]
  opt_path: options/train_kdsrgan.json
  is_train: True

25-10-19 02:18:47.216 : Random seed: 6750
25-10-19 02:18:47.231 : Number of train images: 700, iters: 22
25-10-19 02:18:51.088 : 
Networks name: D_msrresnet0
Params number: 312736
Net structure:
D_msrresnet0(
  (KD): KDB(
    (c1_d): Sequential(
      (0): Conv2d(64, 64, kernel_size=(1, 1), stride=(1, 1), groups=64)
      (1): Conv2d(64, 32, kernel_size=(1, 1), stride=(1, 1))
    )
    (c1_r): Sequential(
      (0): Conv2d(64, 64, kernel_size=(3, 3), stride=(1, 1), padding=(1, 1), groups=64)
      (1): Conv2d(64, 64, kernel_size=(1, 1), stride=(1, 1))
    )
    (c2_d): Sequential(
      (0): Conv2d(64, 64, kernel_size=(1, 1), stride=(1, 1), groups=64)
      (1): Conv2d(64, 32, kernel_size=(1, 1), stride=(1, 1))
    )
    (c2_r): Sequential(
      (0): Conv2d(64, 64, kernel_size=(3, 3), stride=(1, 1), padding=(1, 1), groups=64)
      (1): Conv2d(64, 64, kernel_size=(1, 1), stride=(1, 1))
    )
    (c3_d): Sequential(
      (0): Conv2d(64, 64, kernel_size=(1, 1), stride=(1, 1), groups=64)
      (1): Conv2d(64, 32, kernel_size=(1, 1), stride=(1, 1))
    )
    (c3_r): Sequential(
      (0): Conv2d(64, 64, kernel_size=(3, 3), stride=(1, 1), padding=(1, 1), groups=64)
      (1): Conv2d(64, 64, kernel_size=(1, 1), stride=(1, 1))
    )
    (c4): Sequential(
      (0): Conv2d(64, 64, kernel_size=(3, 3), stride=(1, 1), padding=(1, 1), groups=64)
      (1): Conv2d(64, 32, kernel_size=(1, 1), stride=(1, 1))
    )
    (act): LeakyReLU(negative_slope=0.05, inplace=True)
    (c5): Sequential(
      (0): Conv2d(128, 128, kernel_size=(1, 1), stride=(1, 1), groups=128)
      (1): Conv2d(128, 64, kernel_size=(1, 1), stride=(1, 1))
    )
    (esa): ESA(
      (conv1): Sequential(
        (0): Conv2d(64, 64, kernel_size=(1, 1), stride=(1, 1), groups=64)
        (1): Conv2d(64, 16, kernel_size=(1, 1), stride=(1, 1))
      )
      (conv_f): Sequential(
        (0): Conv2d(16, 16, kernel_size=(1, 1), stride=(1, 1), groups=16)
        (1): Conv2d(16, 16, kernel_size=(1, 1), stride=(1, 1))
      )
      (conv_max): Sequential(
        (0): Conv2d(16, 16, kernel_size=(3, 3), stride=(1, 1), padding=(1, 1), groups=16)
        (1): Conv2d(16, 16, kernel_size=(1, 1), stride=(1, 1))
      )
      (conv2): Sequential(
        (0): Conv2d(16, 16, kernel_size=(3, 3), stride=(2, 2), padding=(1, 1), groups=16)
        (1): Conv2d(16, 16, kernel_size=(1, 1), stride=(1, 1))
      )
      (conv3): Sequential(
        (0): Conv2d(16, 16, kernel_size=(3, 3), stride=(1, 1), padding=(1, 1), groups=16)
        (1): Conv2d(16, 16, kernel_size=(1, 1), stride=(1, 1))
      )
      (conv3_): Sequential(
        (0): Conv2d(16, 16, kernel_size=(3, 3), stride=(1, 1), padding=(1, 1), groups=16)
        (1): Conv2d(16, 16, kernel_size=(1, 1), stride=(1, 1))
      )
      (conv4): Sequential(
        (0): Conv2d(16, 16, kernel_size=(1, 1), stride=(1, 1), groups=16)
        (1): Conv2d(16, 64, kernel_size=(1, 1), stride=(1, 1))
      )
      (sigmoid): Sigmoid()
      (relu): ReLU(inplace=True)
    )
  )
  (head): Conv2d(3, 64, kernel_size=(3, 3), stride=(1, 1), padding=(1, 1))
  (body): Identity + 
  |Sequential(
  |  (0): ResBlock(
  |    (res): Sequential(
  |      (0): Conv2d(64, 64, kernel_size=(3, 3), stride=(1, 1), padding=(1, 1), groups=64)
  |      (1): Conv2d(64, 64, kernel_size=(1, 1), stride=(1, 1))
  |      (2): ReLU(inplace=True)
  |      (3): Conv2d(64, 64, kernel_size=(3, 3), stride=(1, 1), padding=(1, 1), groups=64)
  |      (4): Conv2d(64, 64, kernel_size=(1, 1), stride=(1, 1))
  |    )
  |  )
  |  (1): ResBlock(
  |    (res): Sequential(
  |      (0): Conv2d(64, 64, kernel_size=(3, 3), stride=(1, 1), padding=(1, 1), groups=64)
  |      (1): Conv2d(64, 64, kernel_size=(1, 1), stride=(1, 1))
  |      (2): ReLU(inplace=True)
  |      (3): Conv2d(64, 64, kernel_size=(3, 3), stride=(1, 1), padding=(1, 1), groups=64)
  |      (4): Conv2d(64, 64, kernel_size=(1, 1), stride=(1, 1))
  |    )
  |  )
  |  (2): ResBlock(
  |    (res): Sequential(
  |      (0): Conv2d(64, 64, kernel_size=(3, 3), stride=(1, 1), padding=(1, 1), groups=64)
  |      (1): Conv2d(64, 64, kernel_size=(1, 1), stride=(1, 1))
  |      (2): ReLU(inplace=True)
  |      (3): Conv2d(64, 64, kernel_size=(3, 3), stride=(1, 1), padding=(1, 1), groups=64)
  |      (4): Conv2d(64, 64, kernel_size=(1, 1), stride=(1, 1))
  |    )
  |  )
  |  (3): ResBlock(
  |    (res): Sequential(
  |      (0): Conv2d(64, 64, kernel_size=(3, 3), stride=(1, 1), padding=(1, 1), groups=64)
  |      (1): Conv2d(64, 64, kernel_size=(1, 1), stride=(1, 1))
  |      (2): ReLU(inplace=True)
  |      (3): Conv2d(64, 64, kernel_size=(3, 3), stride=(1, 1), padding=(1, 1), groups=64)
  |      (4): Conv2d(64, 64, kernel_size=(1, 1), stride=(1, 1))
  |    )
  |  )
  |  (4): ResBlock(
  |    (res): Sequential(
  |      (0): Conv2d(64, 64, kernel_size=(3, 3), stride=(1, 1), padding=(1, 1), groups=64)
  |      (1): Conv2d(64, 64, kernel_size=(1, 1), stride=(1, 1))
  |      (2): ReLU(inplace=True)
  |      (3): Conv2d(64, 64, kernel_size=(3, 3), stride=(1, 1), padding=(1, 1), groups=64)
  |      (4): Conv2d(64, 64, kernel_size=(1, 1), stride=(1, 1))
  |    )
  |  )
  |  (5): ResBlock(
  |    (res): Sequential(
  |      (0): Conv2d(64, 64, kernel_size=(3, 3), stride=(1, 1), padding=(1, 1), groups=64)
  |      (1): Conv2d(64, 64, kernel_size=(1, 1), stride=(1, 1))
  |      (2): ReLU(inplace=True)
  |      (3): Conv2d(64, 64, kernel_size=(3, 3), stride=(1, 1), padding=(1, 1), groups=64)
  |      (4): Conv2d(64, 64, kernel_size=(1, 1), stride=(1, 1))
  |    )
  |  )
  |  (6): ResBlock(
  |    (res): Sequential(
  |      (0): Conv2d(64, 64, kernel_size=(3, 3), stride=(1, 1), padding=(1, 1), groups=64)
  |      (1): Conv2d(64, 64, kernel_size=(1, 1), stride=(1, 1))
  |      (2): ReLU(inplace=True)
  |      (3): Conv2d(64, 64, kernel_size=(3, 3), stride=(1, 1), padding=(1, 1), groups=64)
  |      (4): Conv2d(64, 64, kernel_size=(1, 1), stride=(1, 1))
  |    )
  |  )
  |  (7): ResBlock(
  |    (res): Sequential(
  |      (0): Conv2d(64, 64, kernel_size=(3, 3), stride=(1, 1), padding=(1, 1), groups=64)
  |      (1): Conv2d(64, 64, kernel_size=(1, 1), stride=(1, 1))
  |      (2): ReLU(inplace=True)
  |      (3): Conv2d(64, 64, kernel_size=(3, 3), stride=(1, 1), padding=(1, 1), groups=64)
  |      (4): Conv2d(64, 64, kernel_size=(1, 1), stride=(1, 1))
  |    )
  |  )
  |  (8): ResBlock(
  |    (res): Sequential(
  |      (0): Conv2d(64, 64, kernel_size=(3, 3), stride=(1, 1), padding=(1, 1), groups=64)
  |      (1): Conv2d(64, 64, kernel_size=(1, 1), stride=(1, 1))
  |      (2): ReLU(inplace=True)
  |      (3): Conv2d(64, 64, kernel_size=(3, 3), stride=(1, 1), padding=(1, 1), groups=64)
  |      (4): Conv2d(64, 64, kernel_size=(1, 1), stride=(1, 1))
  |    )
  |  )
  |  (9): ResBlock(
  |    (res): Sequential(
  |      (0): Conv2d(64, 64, kernel_size=(3, 3), stride=(1, 1), padding=(1, 1), groups=64)
  |      (1): Conv2d(64, 64, kernel_size=(1, 1), stride=(1, 1))
  |      (2): ReLU(inplace=True)
  |      (3): Conv2d(64, 64, kernel_size=(3, 3), stride=(1, 1), padding=(1, 1), groups=64)
  |      (4): Conv2d(64, 64, kernel_size=(1, 1), stride=(1, 1))
  |    )
  |  )
  |  (10): ResBlock(
  |    (res): Sequential(
  |      (0): Conv2d(64, 64, kernel_size=(3, 3), stride=(1, 1), padding=(1, 1), groups=64)
  |      (1): Conv2d(64, 64, kernel_size=(1, 1), stride=(1, 1))
  |      (2): ReLU(inplace=True)
  |      (3): Conv2d(64, 64, kernel_size=(3, 3), stride=(1, 1), padding=(1, 1), groups=64)
  |      (4): Conv2d(64, 64, kernel_size=(1, 1), stride=(1, 1))
  |    )
  |  )
  |  (11): ResBlock(
  |    (res): Sequential(
  |      (0): Conv2d(64, 64, kernel_size=(3, 3), stride=(1, 1), padding=(1, 1), groups=64)
  |      (1): Conv2d(64, 64, kernel_size=(1, 1), stride=(1, 1))
  |      (2): ReLU(inplace=True)
  |      (3): Conv2d(64, 64, kernel_size=(3, 3), stride=(1, 1), padding=(1, 1), groups=64)
  |      (4): Conv2d(64, 64, kernel_size=(1, 1), stride=(1, 1))
  |    )
  |  )
  |  (12): ResBlock(
  |    (res): Sequential(
  |      (0): Conv2d(64, 64, kernel_size=(3, 3), stride=(1, 1), padding=(1, 1), groups=64)
  |      (1): Conv2d(64, 64, kernel_size=(1, 1), stride=(1, 1))
  |      (2): ReLU(inplace=True)
  |      (3): Conv2d(64, 64, kernel_size=(3, 3), stride=(1, 1), padding=(1, 1), groups=64)
  |      (4): Conv2d(64, 64, kernel_size=(1, 1), stride=(1, 1))
  |    )
  |  )
  |  (13): ResBlock(
  |    (res): Sequential(
  |      (0): Conv2d(64, 64, kernel_size=(3, 3), stride=(1, 1), padding=(1, 1), groups=64)
  |      (1): Conv2d(64, 64, kernel_size=(1, 1), stride=(1, 1))
  |      (2): ReLU(inplace=True)
  |      (3): Conv2d(64, 64, kernel_size=(3, 3), stride=(1, 1), padding=(1, 1), groups=64)
  |      (4): Conv2d(64, 64, kernel_size=(1, 1), stride=(1, 1))
  |    )
  |  )
  |  (14): ResBlock(
  |    (res): Sequential(
  |      (0): Conv2d(64, 64, kernel_size=(3, 3), stride=(1, 1), padding=(1, 1), groups=64)
  |      (1): Conv2d(64, 64, kernel_size=(1, 1), stride=(1, 1))
  |      (2): ReLU(inplace=True)
  |      (3): Conv2d(64, 64, kernel_size=(3, 3), stride=(1, 1), padding=(1, 1), groups=64)
  |      (4): Conv2d(64, 64, kernel_size=(1, 1), stride=(1, 1))
  |    )
  |  )
  |  (15): ResBlock(
  |    (res): Sequential(
  |      (0): Conv2d(64, 64, kernel_size=(3, 3), stride=(1, 1), padding=(1, 1), groups=64)
  |      (1): Conv2d(64, 64, kernel_size=(1, 1), stride=(1, 1))
  |      (2): ReLU(inplace=True)
  |      (3): Conv2d(64, 64, kernel_size=(3, 3), stride=(1, 1), padding=(1, 1), groups=64)
  |      (4): Conv2d(64, 64, kernel_size=(1, 1), stride=(1, 1))
  |    )
  |  )
  |  (16): Conv2d(64, 64, kernel_size=(3, 3), stride=(1, 1), padding=(1, 1))
  |)
  (tail): Sequential(
    (0): Upsample(scale_factor=2.0, mode='nearest')
    (1): Conv2d(64, 64, kernel_size=(3, 3), stride=(1, 1), padding=(1, 1))
    (2): ReLU(inplace=True)
    (3): Conv2d(64, 64, kernel_size=(3, 3), stride=(1, 1), padding=(1, 1))
    (4): ReLU(inplace=True)
    (5): Conv2d(64, 3, kernel_size=(3, 3), stride=(1, 1), padding=(1, 1), bias=False)
  )
  (copress): Conv2d(128, 64, kernel_size=(1, 1), stride=(1, 1))
)

Networks name: Discriminator_VGG_96
Params number: 14143881
Net structure:
Discriminator_VGG_96(
  (features): Sequential(
    (0): Conv2d(3, 64, kernel_size=(3, 3), stride=(1, 1), padding=(1, 1))
    (1): Conv2d(64, 64, kernel_size=(4, 4), stride=(2, 2), padding=(1, 1))
    (2): BatchNorm2d(64, eps=0.0001, momentum=0.9, affine=True, track_running_stats=True)
    (3): LeakyReLU(negative_slope=0.2, inplace=True)
    (4): Conv2d(64, 128, kernel_size=(3, 3), stride=(1, 1), padding=(1, 1))
    (5): BatchNorm2d(128, eps=0.0001, momentum=0.9, affine=True, track_running_stats=True)
    (6): LeakyReLU(negative_slope=0.2, inplace=True)
    (7): Conv2d(128, 128, kernel_size=(4, 4), stride=(2, 2), padding=(1, 1))
    (8): BatchNorm2d(128, eps=0.0001, momentum=0.9, affine=True, track_running_stats=True)
    (9): LeakyReLU(negative_slope=0.2, inplace=True)
    (10): Conv2d(128, 256, kernel_size=(3, 3), stride=(1, 1), padding=(1, 1))
    (11): BatchNorm2d(256, eps=0.0001, momentum=0.9, affine=True, track_running_stats=True)
    (12): LeakyReLU(negative_slope=0.2, inplace=True)
    (13): Conv2d(256, 256, kernel_size=(4, 4), stride=(2, 2), padding=(1, 1))
    (14): BatchNorm2d(256, eps=0.0001, momentum=0.9, affine=True, track_running_stats=True)
    (15): LeakyReLU(negative_slope=0.2, inplace=True)
    (16): Conv2d(256, 512, kernel_size=(3, 3), stride=(1, 1), padding=(1, 1))
    (17): BatchNorm2d(512, eps=0.0001, momentum=0.9, affine=True, track_running_stats=True)
    (18): LeakyReLU(negative_slope=0.2, inplace=True)
    (19): Conv2d(512, 512, kernel_size=(4, 4), stride=(2, 2), padding=(1, 1))
    (20): BatchNorm2d(512, eps=0.0001, momentum=0.9, affine=True, track_running_stats=True)
    (21): LeakyReLU(negative_slope=0.2, inplace=True)
    (22): Conv2d(512, 512, kernel_size=(3, 3), stride=(1, 1), padding=(1, 1))
    (23): BatchNorm2d(512, eps=0.0001, momentum=0.9, affine=True, track_running_stats=True)
    (24): LeakyReLU(negative_slope=0.2, inplace=True)
    (25): Conv2d(512, 512, kernel_size=(4, 4), stride=(2, 2), padding=(1, 1))
    (26): BatchNorm2d(512, eps=0.0001, momentum=0.9, affine=True, track_running_stats=True)
    (27): LeakyReLU(negative_slope=0.2, inplace=True)
  )
  (classifier): Sequential(
    (0): Linear(in_features=4608, out_features=100, bias=True)
    (1): LeakyReLU(negative_slope=0.2, inplace=True)
    (2): Linear(in_features=100, out_features=1, bias=True)
  )
)

Networks name: VGGFeatureExtractor
Params number: 20024384
Net structure:
VGGFeatureExtractor(
  (features): Sequential(
    (0): Conv2d(3, 64, kernel_size=(3, 3), stride=(1, 1), padding=(1, 1))
    (1): ReLU(inplace=True)
    (2): Conv2d(64, 64, kernel_size=(3, 3), stride=(1, 1), padding=(1, 1))
    (3): ReLU(inplace=True)
    (4): MaxPool2d(kernel_size=2, stride=2, padding=0, dilation=1, ceil_mode=False)
    (5): Conv2d(64, 128, kernel_size=(3, 3), stride=(1, 1), padding=(1, 1))
    (6): ReLU(inplace=True)
    (7): Conv2d(128, 128, kernel_size=(3, 3), stride=(1, 1), padding=(1, 1))
    (8): ReLU(inplace=True)
    (9): MaxPool2d(kernel_size=2, stride=2, padding=0, dilation=1, ceil_mode=False)
    (10): Conv2d(128, 256, kernel_size=(3, 3), stride=(1, 1), padding=(1, 1))
    (11): ReLU(inplace=True)
    (12): Conv2d(256, 256, kernel_size=(3, 3), stride=(1, 1), padding=(1, 1))
    (13): ReLU(inplace=True)
    (14): Conv2d(256, 256, kernel_size=(3, 3), stride=(1, 1), padding=(1, 1))
    (15): ReLU(inplace=True)
    (16): Conv2d(256, 256, kernel_size=(3, 3), stride=(1, 1), padding=(1, 1))
    (17): ReLU(inplace=True)
    (18): MaxPool2d(kernel_size=2, stride=2, padding=0, dilation=1, ceil_mode=False)
    (19): Conv2d(256, 512, kernel_size=(3, 3), stride=(1, 1), padding=(1, 1))
    (20): ReLU(inplace=True)
    (21): Conv2d(512, 512, kernel_size=(3, 3), stride=(1, 1), padding=(1, 1))
    (22): ReLU(inplace=True)
    (23): Conv2d(512, 512, kernel_size=(3, 3), stride=(1, 1), padding=(1, 1))
    (24): ReLU(inplace=True)
    (25): Conv2d(512, 512, kernel_size=(3, 3), stride=(1, 1), padding=(1, 1))
    (26): ReLU(inplace=True)
    (27): MaxPool2d(kernel_size=2, stride=2, padding=0, dilation=1, ceil_mode=False)
    (28): Conv2d(512, 512, kernel_size=(3, 3), stride=(1, 1), padding=(1, 1))
    (29): ReLU(inplace=True)
    (30): Conv2d(512, 512, kernel_size=(3, 3), stride=(1, 1), padding=(1, 1))
    (31): ReLU(inplace=True)
    (32): Conv2d(512, 512, kernel_size=(3, 3), stride=(1, 1), padding=(1, 1))
    (33): ReLU(inplace=True)
    (34): Conv2d(512, 512, kernel_size=(3, 3), stride=(1, 1), padding=(1, 1))
  )
)

25-10-19 02:18:51.247 : 
 |  mean  |  min   |  max   |  std   || param_name          
 |  0.000 | -0.072 |  0.055 |  0.025 || KD.c1_d.0.weight
 |  0.000 |  0.000 |  0.000 |  0.000 || KD.c1_d.0.bias
 | -0.001 | -0.083 |  0.079 |  0.025 || KD.c1_d.1.weight
 |  0.000 |  0.000 |  0.000 |  0.000 || KD.c1_d.1.bias
 |  0.000 | -0.074 |  0.075 |  0.025 || KD.c1_r.0.weight
 |  0.000 |  0.000 |  0.000 |  0.000 || KD.c1_r.0.bias
 |  0.000 | -0.081 |  0.085 |  0.025 || KD.c1_r.1.weight
 |  0.000 |  0.000 |  0.000 |  0.000 || KD.c1_r.1.bias
 |  0.001 | -0.064 |  0.053 |  0.025 || KD.c2_d.0.weight
 |  0.000 |  0.000 |  0.000 |  0.000 || KD.c2_d.0.bias
 |  0.000 | -0.094 |  0.081 |  0.025 || KD.c2_d.1.weight
 |  0.000 |  0.000 |  0.000 |  0.000 || KD.c2_d.1.bias
 | -0.001 | -0.082 |  0.071 |  0.025 || KD.c2_r.0.weight
 |  0.000 |  0.000 |  0.000 |  0.000 || KD.c2_r.0.bias
 | -0.001 | -0.090 |  0.087 |  0.025 || KD.c2_r.1.weight
 |  0.000 |  0.000 |  0.000 |  0.000 || KD.c2_r.1.bias
 |  0.005 | -0.059 |  0.058 |  0.025 || KD.c3_d.0.weight
 |  0.000 |  0.000 |  0.000 |  0.000 || KD.c3_d.0.bias
 |  0.001 | -0.086 |  0.080 |  0.025 || KD.c3_d.1.weight
 |  0.000 |  0.000 |  0.000 |  0.000 || KD.c3_d.1.bias
 |  0.000 | -0.063 |  0.073 |  0.025 || KD.c3_r.0.weight
 |  0.000 |  0.000 |  0.000 |  0.000 || KD.c3_r.0.bias
 | -0.000 | -0.091 |  0.100 |  0.025 || KD.c3_r.1.weight
 |  0.000 |  0.000 |  0.000 |  0.000 || KD.c3_r.1.bias
 | -0.002 | -0.069 |  0.073 |  0.025 || KD.c4.0.weight
 |  0.000 |  0.000 |  0.000 |  0.000 || KD.c4.0.bias
 | -0.001 | -0.094 |  0.079 |  0.025 || KD.c4.1.weight
 |  0.000 |  0.000 |  0.000 |  0.000 || KD.c4.1.bias
 | -0.004 | -0.048 |  0.030 |  0.017 || KD.c5.0.weight
 |  0.000 |  0.000 |  0.000 |  0.000 || KD.c5.0.bias
 | -0.000 | -0.067 |  0.060 |  0.018 || KD.c5.1.weight
 |  0.000 |  0.000 |  0.000 |  0.000 || KD.c5.1.bias
 |  0.001 | -0.048 |  0.058 |  0.025 || KD.esa.conv1.0.weight
 |  0.000 |  0.000 |  0.000 |  0.000 || KD.esa.conv1.0.bias
 |  0.001 | -0.072 |  0.080 |  0.025 || KD.esa.conv1.1.weight
 |  0.000 |  0.000 |  0.000 |  0.000 || KD.esa.conv1.1.bias
 |  0.002 | -0.103 |  0.105 |  0.052 || KD.esa.conv_f.0.weight
 |  0.000 |  0.000 |  0.000 |  0.000 || KD.esa.conv_f.0.bias
 | -0.001 | -0.115 |  0.128 |  0.050 || KD.esa.conv_f.1.weight
 |  0.000 |  0.000 |  0.000 |  0.000 || KD.esa.conv_f.1.bias
 |  0.002 | -0.123 |  0.108 |  0.050 || KD.esa.conv_max.0.weight
 |  0.000 |  0.000 |  0.000 |  0.000 || KD.esa.conv_max.0.bias
 |  0.001 | -0.132 |  0.133 |  0.050 || KD.esa.conv_max.1.weight
 |  0.000 |  0.000 |  0.000 |  0.000 || KD.esa.conv_max.1.bias
 |  0.005 | -0.116 |  0.117 |  0.050 || KD.esa.conv2.0.weight
 |  0.000 |  0.000 |  0.000 |  0.000 || KD.esa.conv2.0.bias
 |  0.000 | -0.115 |  0.121 |  0.050 || KD.esa.conv2.1.weight
 |  0.000 |  0.000 |  0.000 |  0.000 || KD.esa.conv2.1.bias
 |  0.007 | -0.118 |  0.130 |  0.050 || KD.esa.conv3.0.weight
 |  0.000 |  0.000 |  0.000 |  0.000 || KD.esa.conv3.0.bias
 |  0.000 | -0.144 |  0.138 |  0.050 || KD.esa.conv3.1.weight
 |  0.000 |  0.000 |  0.000 |  0.000 || KD.esa.conv3.1.bias
 | -0.001 | -0.147 |  0.136 |  0.050 || KD.esa.conv3_.0.weight
 |  0.000 |  0.000 |  0.000 |  0.000 || KD.esa.conv3_.0.bias
 | -0.001 | -0.120 |  0.154 |  0.050 || KD.esa.conv3_.1.weight
 |  0.000 |  0.000 |  0.000 |  0.000 || KD.esa.conv3_.1.bias
 | -0.008 | -0.095 |  0.058 |  0.051 || KD.esa.conv4.0.weight
 |  0.000 |  0.000 |  0.000 |  0.000 || KD.esa.conv4.0.bias
 | -0.001 | -0.081 |  0.075 |  0.025 || KD.esa.conv4.1.weight
 |  0.000 |  0.000 |  0.000 |  0.000 || KD.esa.conv4.1.bias
 | -0.000 | -0.089 |  0.074 |  0.025 || head.weight
 |  0.000 |  0.000 |  0.000 |  0.000 || head.bias
 | -0.000 | -0.073 |  0.085 |  0.025 || body.sub.0.res.0.weight
 |  0.000 |  0.000 |  0.000 |  0.000 || body.sub.0.res.0.bias
 | -0.000 | -0.092 |  0.091 |  0.025 || body.sub.0.res.1.weight
 |  0.000 |  0.000 |  0.000 |  0.000 || body.sub.0.res.1.bias
 | -0.000 | -0.072 |  0.077 |  0.025 || body.sub.0.res.3.weight
 |  0.000 |  0.000 |  0.000 |  0.000 || body.sub.0.res.3.bias
 | -0.000 | -0.083 |  0.089 |  0.025 || body.sub.0.res.4.weight
 |  0.000 |  0.000 |  0.000 |  0.000 || body.sub.0.res.4.bias
 |  0.000 | -0.073 |  0.080 |  0.025 || body.sub.1.res.0.weight
 |  0.000 |  0.000 |  0.000 |  0.000 || body.sub.1.res.0.bias
 | -0.000 | -0.080 |  0.085 |  0.025 || body.sub.1.res.1.weight
 |  0.000 |  0.000 |  0.000 |  0.000 || body.sub.1.res.1.bias
 | -0.000 | -0.082 |  0.063 |  0.025 || body.sub.1.res.3.weight
 |  0.000 |  0.000 |  0.000 |  0.000 || body.sub.1.res.3.bias
 | -0.001 | -0.081 |  0.087 |  0.025 || body.sub.1.res.4.weight
 |  0.000 |  0.000 |  0.000 |  0.000 || body.sub.1.res.4.bias
 |  0.001 | -0.063 |  0.067 |  0.025 || body.sub.2.res.0.weight
 |  0.000 |  0.000 |  0.000 |  0.000 || body.sub.2.res.0.bias
 |  0.001 | -0.111 |  0.086 |  0.025 || body.sub.2.res.1.weight
 |  0.000 |  0.000 |  0.000 |  0.000 || body.sub.2.res.1.bias
 | -0.001 | -0.076 |  0.073 |  0.025 || body.sub.2.res.3.weight
 |  0.000 |  0.000 |  0.000 |  0.000 || body.sub.2.res.3.bias
 |  0.000 | -0.090 |  0.074 |  0.025 || body.sub.2.res.4.weight
 |  0.000 |  0.000 |  0.000 |  0.000 || body.sub.2.res.4.bias
 | -0.001 | -0.059 |  0.084 |  0.025 || body.sub.3.res.0.weight
 |  0.000 |  0.000 |  0.000 |  0.000 || body.sub.3.res.0.bias
 | -0.000 | -0.097 |  0.096 |  0.025 || body.sub.3.res.1.weight
 |  0.000 |  0.000 |  0.000 |  0.000 || body.sub.3.res.1.bias
 | -0.001 | -0.075 |  0.091 |  0.025 || body.sub.3.res.3.weight
 |  0.000 |  0.000 |  0.000 |  0.000 || body.sub.3.res.3.bias
 |  0.000 | -0.084 |  0.089 |  0.025 || body.sub.3.res.4.weight
 |  0.000 |  0.000 |  0.000 |  0.000 || body.sub.3.res.4.bias
 | -0.001 | -0.071 |  0.073 |  0.025 || body.sub.4.res.0.weight
 |  0.000 |  0.000 |  0.000 |  0.000 || body.sub.4.res.0.bias
 |  0.000 | -0.090 |  0.081 |  0.025 || body.sub.4.res.1.weight
 |  0.000 |  0.000 |  0.000 |  0.000 || body.sub.4.res.1.bias
 | -0.001 | -0.075 |  0.082 |  0.025 || body.sub.4.res.3.weight
 |  0.000 |  0.000 |  0.000 |  0.000 || body.sub.4.res.3.bias
 |  0.000 | -0.087 |  0.092 |  0.025 || body.sub.4.res.4.weight
 |  0.000 |  0.000 |  0.000 |  0.000 || body.sub.4.res.4.bias
 | -0.001 | -0.061 |  0.073 |  0.025 || body.sub.5.res.0.weight
 |  0.000 |  0.000 |  0.000 |  0.000 || body.sub.5.res.0.bias
 |  0.000 | -0.096 |  0.079 |  0.025 || body.sub.5.res.1.weight
 |  0.000 |  0.000 |  0.000 |  0.000 || body.sub.5.res.1.bias
 |  0.000 | -0.069 |  0.076 |  0.025 || body.sub.5.res.3.weight
 |  0.000 |  0.000 |  0.000 |  0.000 || body.sub.5.res.3.bias
 |  0.000 | -0.096 |  0.098 |  0.025 || body.sub.5.res.4.weight
 |  0.000 |  0.000 |  0.000 |  0.000 || body.sub.5.res.4.bias
 |  0.000 | -0.063 |  0.075 |  0.025 || body.sub.6.res.0.weight
 |  0.000 |  0.000 |  0.000 |  0.000 || body.sub.6.res.0.bias
 | -0.000 | -0.087 |  0.089 |  0.025 || body.sub.6.res.1.weight
 |  0.000 |  0.000 |  0.000 |  0.000 || body.sub.6.res.1.bias
 | -0.000 | -0.074 |  0.067 |  0.025 || body.sub.6.res.3.weight
 |  0.000 |  0.000 |  0.000 |  0.000 || body.sub.6.res.3.bias
 | -0.000 | -0.092 |  0.100 |  0.025 || body.sub.6.res.4.weight
 |  0.000 |  0.000 |  0.000 |  0.000 || body.sub.6.res.4.bias
 | -0.001 | -0.072 |  0.073 |  0.025 || body.sub.7.res.0.weight
 |  0.000 |  0.000 |  0.000 |  0.000 || body.sub.7.res.0.bias
 | -0.000 | -0.089 |  0.088 |  0.025 || body.sub.7.res.1.weight
 |  0.000 |  0.000 |  0.000 |  0.000 || body.sub.7.res.1.bias
 | -0.002 | -0.079 |  0.072 |  0.025 || body.sub.7.res.3.weight
 |  0.000 |  0.000 |  0.000 |  0.000 || body.sub.7.res.3.bias
 |  0.000 | -0.084 |  0.087 |  0.025 || body.sub.7.res.4.weight
 |  0.000 |  0.000 |  0.000 |  0.000 || body.sub.7.res.4.bias
 |  0.001 | -0.073 |  0.075 |  0.025 || body.sub.8.res.0.weight
 |  0.000 |  0.000 |  0.000 |  0.000 || body.sub.8.res.0.bias
 |  0.000 | -0.097 |  0.089 |  0.025 || body.sub.8.res.1.weight
 |  0.000 |  0.000 |  0.000 |  0.000 || body.sub.8.res.1.bias
 | -0.001 | -0.073 |  0.096 |  0.025 || body.sub.8.res.3.weight
 |  0.000 |  0.000 |  0.000 |  0.000 || body.sub.8.res.3.bias
 | -0.000 | -0.084 |  0.083 |  0.025 || body.sub.8.res.4.weight
 |  0.000 |  0.000 |  0.000 |  0.000 || body.sub.8.res.4.bias
 | -0.000 | -0.081 |  0.086 |  0.025 || body.sub.9.res.0.weight
 |  0.000 |  0.000 |  0.000 |  0.000 || body.sub.9.res.0.bias
 | -0.000 | -0.089 |  0.088 |  0.025 || body.sub.9.res.1.weight
 |  0.000 |  0.000 |  0.000 |  0.000 || body.sub.9.res.1.bias
 |  0.000 | -0.071 |  0.074 |  0.025 || body.sub.9.res.3.weight
 |  0.000 |  0.000 |  0.000 |  0.000 || body.sub.9.res.3.bias
 | -0.000 | -0.092 |  0.089 |  0.025 || body.sub.9.res.4.weight
 |  0.000 |  0.000 |  0.000 |  0.000 || body.sub.9.res.4.bias
 | -0.001 | -0.073 |  0.078 |  0.025 || body.sub.10.res.0.weight
 |  0.000 |  0.000 |  0.000 |  0.000 || body.sub.10.res.0.bias
 | -0.000 | -0.081 |  0.096 |  0.025 || body.sub.10.res.1.weight
 |  0.000 |  0.000 |  0.000 |  0.000 || body.sub.10.res.1.bias
 |  0.002 | -0.078 |  0.076 |  0.025 || body.sub.10.res.3.weight
 |  0.000 |  0.000 |  0.000 |  0.000 || body.sub.10.res.3.bias
 |  0.000 | -0.092 |  0.078 |  0.025 || body.sub.10.res.4.weight
 |  0.000 |  0.000 |  0.000 |  0.000 || body.sub.10.res.4.bias
 |  0.001 | -0.073 |  0.066 |  0.025 || body.sub.11.res.0.weight
 |  0.000 |  0.000 |  0.000 |  0.000 || body.sub.11.res.0.bias
 |  0.000 | -0.092 |  0.102 |  0.025 || body.sub.11.res.1.weight
 |  0.000 |  0.000 |  0.000 |  0.000 || body.sub.11.res.1.bias
 |  0.002 | -0.081 |  0.069 |  0.025 || body.sub.11.res.3.weight
 |  0.000 |  0.000 |  0.000 |  0.000 || body.sub.11.res.3.bias
 |  0.000 | -0.081 |  0.087 |  0.025 || body.sub.11.res.4.weight
 |  0.000 |  0.000 |  0.000 |  0.000 || body.sub.11.res.4.bias
 |  0.001 | -0.087 |  0.067 |  0.025 || body.sub.12.res.0.weight
 |  0.000 |  0.000 |  0.000 |  0.000 || body.sub.12.res.0.bias
 | -0.000 | -0.089 |  0.102 |  0.025 || body.sub.12.res.1.weight
 |  0.000 |  0.000 |  0.000 |  0.000 || body.sub.12.res.1.bias
 | -0.000 | -0.069 |  0.073 |  0.025 || body.sub.12.res.3.weight
 |  0.000 |  0.000 |  0.000 |  0.000 || body.sub.12.res.3.bias
 | -0.000 | -0.082 |  0.084 |  0.025 || body.sub.12.res.4.weight
 |  0.000 |  0.000 |  0.000 |  0.000 || body.sub.12.res.4.bias
 |  0.002 | -0.071 |  0.075 |  0.025 || body.sub.13.res.0.weight
 |  0.000 |  0.000 |  0.000 |  0.000 || body.sub.13.res.0.bias
 | -0.000 | -0.084 |  0.079 |  0.025 || body.sub.13.res.1.weight
 |  0.000 |  0.000 |  0.000 |  0.000 || body.sub.13.res.1.bias
 |  0.000 | -0.078 |  0.074 |  0.025 || body.sub.13.res.3.weight
 |  0.000 |  0.000 |  0.000 |  0.000 || body.sub.13.res.3.bias
 | -0.000 | -0.090 |  0.083 |  0.025 || body.sub.13.res.4.weight
 |  0.000 |  0.000 |  0.000 |  0.000 || body.sub.13.res.4.bias
 |  0.001 | -0.066 |  0.081 |  0.025 || body.sub.14.res.0.weight
 |  0.000 |  0.000 |  0.000 |  0.000 || body.sub.14.res.0.bias
 |  0.001 | -0.087 |  0.097 |  0.025 || body.sub.14.res.1.weight
 |  0.000 |  0.000 |  0.000 |  0.000 || body.sub.14.res.1.bias
 |  0.000 | -0.068 |  0.074 |  0.025 || body.sub.14.res.3.weight
 |  0.000 |  0.000 |  0.000 |  0.000 || body.sub.14.res.3.bias
 | -0.000 | -0.084 |  0.083 |  0.025 || body.sub.14.res.4.weight
 |  0.000 |  0.000 |  0.000 |  0.000 || body.sub.14.res.4.bias
 |  0.000 | -0.087 |  0.083 |  0.025 || body.sub.15.res.0.weight
 |  0.000 |  0.000 |  0.000 |  0.000 || body.sub.15.res.0.bias
 |  0.000 | -0.080 |  0.084 |  0.025 || body.sub.15.res.1.weight
 |  0.000 |  0.000 |  0.000 |  0.000 || body.sub.15.res.1.bias
 | -0.001 | -0.065 |  0.078 |  0.025 || body.sub.15.res.3.weight
 |  0.000 |  0.000 |  0.000 |  0.000 || body.sub.15.res.3.bias
 |  0.000 | -0.083 |  0.090 |  0.025 || body.sub.15.res.4.weight
 |  0.000 |  0.000 |  0.000 |  0.000 || body.sub.15.res.4.bias
 | -0.000 | -0.034 |  0.033 |  0.008 || body.sub.16.weight
 |  0.000 |  0.000 |  0.000 |  0.000 || body.sub.16.bias
 | -0.000 | -0.032 |  0.038 |  0.008 || tail.1.weight
 |  0.000 |  0.000 |  0.000 |  0.000 || tail.1.bias
 | -0.000 | -0.032 |  0.037 |  0.008 || tail.3.weight
 |  0.000 |  0.000 |  0.000 |  0.000 || tail.3.bias
 |  0.000 | -0.025 |  0.026 |  0.008 || tail.5.weight
 | -0.000 | -0.069 |  0.063 |  0.018 || copress.weight
 |  0.000 |  0.000 |  0.000 |  0.000 || copress.bias

25-10-19 02:19:51.137 :   task: 0529msrresnet_gan_kd_x2_s4_for nc128 le-4 IR 20000
  model: gan
  gpu_ids: [0]
  scale: 2
  n_channels: 1
  sigma: [0, 50]
  sigma_test: 0
  merge_bn: False
  merge_bn_startpoint: 400000
  path:[
    root: superresolution
    pretrained_netG: None
    pretrained_netD: None
    task: superresolution/0529msrresnet_gan_kd_x2_s4_for nc128 le-4 IR 20000
    log: superresolution/0529msrresnet_gan_kd_x2_s4_for nc128 le-4 IR 20000
    options: superresolution/0529msrresnet_gan_kd_x2_s4_for nc128 le-4 IR 20000/options
    models: superresolution/0529msrresnet_gan_kd_x2_s4_for nc128 le-4 IR 20000/models
    images: superresolution/0529msrresnet_gan_kd_x2_s4_for nc128 le-4 IR 20000/images
  ]
  datasets:[
    train:[
      name: train_dataset
      dataset_type: sr
      dataroot_H: /home/pamasi/deep_learning/ir/dataset_sr/dataset_CIDIS_sisr_x8/thermal/train/GT
      dataroot_L: /home/pamasi/deep_learning/ir/dataset_sr/dataset_CIDIS_sisr_x8/thermal/train/LR_x8
      H_size: 96
      dataloader_shuffle: True
      dataloader_num_workers: 8
      dataloader_batch_size: 32
      phase: train
      scale: 2
      n_channels: 1
    ]
    test:[
      name: test_dataset
      dataset_type: sr
      dataroot_H: /home/pamasi/deep_learning/ir/dataset_sr/dataset_CIDIS_sisr_x8/thermal/val/GT
      dataroot_L: /home/pamasi/deep_learning/ir/dataset_sr/dataset_CIDIS_sisr_x8/thermal/val/LR_x8
      phase: test
      scale: 2
      n_channels: 1
    ]
  ]
  netG:[
    net_type: msrresnet0
    en_net_type: D_msrresnet0
    enhance: no_enhance
    in_nc: 1
    out_nc: 3
    nc: 64
    nb: 16
    gc: 32
    ng: 2
    reduction: 16
    act_mode: R
    upsample_mode: upconv
    downsample_mode: strideconv
    init_type: orthogonal
    init_bn_type: uniform
    init_gain: 0.2
    scale: 2
  ]
  netD:[
    net_type: discriminator_vgg_96
    in_nc: 1
    act_mode: BL
    base_nc: 64
    init_type: orthogonal
    init_bn_type: uniform
    init_gain: 0.2
  ]
  train:[
    G_lossfn_type: l1
    G_lossfn_weight: 0.01
    F_lossfn_type: l1
    F_lossfn_weight: 1
    gan_type: ragan
    D_lossfn_weight: 0.005
    D_init_iters: 0
    G_optimizer_type: adam
    G_optimizer_lr: 0.0001
    G_optimizer_wd: 0
    D_optimizer_type: adam
    D_optimizer_lr: 0.0001
    D_optimizer_wd: 0
    G_scheduler_type: MultiStepLR
    G_scheduler_milestones: [100000, 200000, 1200000, 2000000]
    G_scheduler_gamma: 0.5
    D_scheduler_type: MultiStepLR
    D_scheduler_milestones: [100000, 200000, 1200000, 2000000]
    D_scheduler_gamma: 0.5
    checkpoint_test: 5000
    checkpoint_save: 5000
    checkpoint_print: 200
  ]
  opt_path: options/train_kdsrgan.json
  is_train: True

25-10-19 02:19:51.137 : Random seed: 4901
25-10-19 02:19:51.141 : Number of train images: 700, iters: 22
25-10-19 02:19:55.150 : 
Networks name: D_msrresnet0
Params number: 311584
Net structure:
D_msrresnet0(
  (KD): KDB(
    (c1_d): Sequential(
      (0): Conv2d(64, 64, kernel_size=(1, 1), stride=(1, 1), groups=64)
      (1): Conv2d(64, 32, kernel_size=(1, 1), stride=(1, 1))
    )
    (c1_r): Sequential(
      (0): Conv2d(64, 64, kernel_size=(3, 3), stride=(1, 1), padding=(1, 1), groups=64)
      (1): Conv2d(64, 64, kernel_size=(1, 1), stride=(1, 1))
    )
    (c2_d): Sequential(
      (0): Conv2d(64, 64, kernel_size=(1, 1), stride=(1, 1), groups=64)
      (1): Conv2d(64, 32, kernel_size=(1, 1), stride=(1, 1))
    )
    (c2_r): Sequential(
      (0): Conv2d(64, 64, kernel_size=(3, 3), stride=(1, 1), padding=(1, 1), groups=64)
      (1): Conv2d(64, 64, kernel_size=(1, 1), stride=(1, 1))
    )
    (c3_d): Sequential(
      (0): Conv2d(64, 64, kernel_size=(1, 1), stride=(1, 1), groups=64)
      (1): Conv2d(64, 32, kernel_size=(1, 1), stride=(1, 1))
    )
    (c3_r): Sequential(
      (0): Conv2d(64, 64, kernel_size=(3, 3), stride=(1, 1), padding=(1, 1), groups=64)
      (1): Conv2d(64, 64, kernel_size=(1, 1), stride=(1, 1))
    )
    (c4): Sequential(
      (0): Conv2d(64, 64, kernel_size=(3, 3), stride=(1, 1), padding=(1, 1), groups=64)
      (1): Conv2d(64, 32, kernel_size=(1, 1), stride=(1, 1))
    )
    (act): LeakyReLU(negative_slope=0.05, inplace=True)
    (c5): Sequential(
      (0): Conv2d(128, 128, kernel_size=(1, 1), stride=(1, 1), groups=128)
      (1): Conv2d(128, 64, kernel_size=(1, 1), stride=(1, 1))
    )
    (esa): ESA(
      (conv1): Sequential(
        (0): Conv2d(64, 64, kernel_size=(1, 1), stride=(1, 1), groups=64)
        (1): Conv2d(64, 16, kernel_size=(1, 1), stride=(1, 1))
      )
      (conv_f): Sequential(
        (0): Conv2d(16, 16, kernel_size=(1, 1), stride=(1, 1), groups=16)
        (1): Conv2d(16, 16, kernel_size=(1, 1), stride=(1, 1))
      )
      (conv_max): Sequential(
        (0): Conv2d(16, 16, kernel_size=(3, 3), stride=(1, 1), padding=(1, 1), groups=16)
        (1): Conv2d(16, 16, kernel_size=(1, 1), stride=(1, 1))
      )
      (conv2): Sequential(
        (0): Conv2d(16, 16, kernel_size=(3, 3), stride=(2, 2), padding=(1, 1), groups=16)
        (1): Conv2d(16, 16, kernel_size=(1, 1), stride=(1, 1))
      )
      (conv3): Sequential(
        (0): Conv2d(16, 16, kernel_size=(3, 3), stride=(1, 1), padding=(1, 1), groups=16)
        (1): Conv2d(16, 16, kernel_size=(1, 1), stride=(1, 1))
      )
      (conv3_): Sequential(
        (0): Conv2d(16, 16, kernel_size=(3, 3), stride=(1, 1), padding=(1, 1), groups=16)
        (1): Conv2d(16, 16, kernel_size=(1, 1), stride=(1, 1))
      )
      (conv4): Sequential(
        (0): Conv2d(16, 16, kernel_size=(1, 1), stride=(1, 1), groups=16)
        (1): Conv2d(16, 64, kernel_size=(1, 1), stride=(1, 1))
      )
      (sigmoid): Sigmoid()
      (relu): ReLU(inplace=True)
    )
  )
  (head): Conv2d(1, 64, kernel_size=(3, 3), stride=(1, 1), padding=(1, 1))
  (body): Identity + 
  |Sequential(
  |  (0): ResBlock(
  |    (res): Sequential(
  |      (0): Conv2d(64, 64, kernel_size=(3, 3), stride=(1, 1), padding=(1, 1), groups=64)
  |      (1): Conv2d(64, 64, kernel_size=(1, 1), stride=(1, 1))
  |      (2): ReLU(inplace=True)
  |      (3): Conv2d(64, 64, kernel_size=(3, 3), stride=(1, 1), padding=(1, 1), groups=64)
  |      (4): Conv2d(64, 64, kernel_size=(1, 1), stride=(1, 1))
  |    )
  |  )
  |  (1): ResBlock(
  |    (res): Sequential(
  |      (0): Conv2d(64, 64, kernel_size=(3, 3), stride=(1, 1), padding=(1, 1), groups=64)
  |      (1): Conv2d(64, 64, kernel_size=(1, 1), stride=(1, 1))
  |      (2): ReLU(inplace=True)
  |      (3): Conv2d(64, 64, kernel_size=(3, 3), stride=(1, 1), padding=(1, 1), groups=64)
  |      (4): Conv2d(64, 64, kernel_size=(1, 1), stride=(1, 1))
  |    )
  |  )
  |  (2): ResBlock(
  |    (res): Sequential(
  |      (0): Conv2d(64, 64, kernel_size=(3, 3), stride=(1, 1), padding=(1, 1), groups=64)
  |      (1): Conv2d(64, 64, kernel_size=(1, 1), stride=(1, 1))
  |      (2): ReLU(inplace=True)
  |      (3): Conv2d(64, 64, kernel_size=(3, 3), stride=(1, 1), padding=(1, 1), groups=64)
  |      (4): Conv2d(64, 64, kernel_size=(1, 1), stride=(1, 1))
  |    )
  |  )
  |  (3): ResBlock(
  |    (res): Sequential(
  |      (0): Conv2d(64, 64, kernel_size=(3, 3), stride=(1, 1), padding=(1, 1), groups=64)
  |      (1): Conv2d(64, 64, kernel_size=(1, 1), stride=(1, 1))
  |      (2): ReLU(inplace=True)
  |      (3): Conv2d(64, 64, kernel_size=(3, 3), stride=(1, 1), padding=(1, 1), groups=64)
  |      (4): Conv2d(64, 64, kernel_size=(1, 1), stride=(1, 1))
  |    )
  |  )
  |  (4): ResBlock(
  |    (res): Sequential(
  |      (0): Conv2d(64, 64, kernel_size=(3, 3), stride=(1, 1), padding=(1, 1), groups=64)
  |      (1): Conv2d(64, 64, kernel_size=(1, 1), stride=(1, 1))
  |      (2): ReLU(inplace=True)
  |      (3): Conv2d(64, 64, kernel_size=(3, 3), stride=(1, 1), padding=(1, 1), groups=64)
  |      (4): Conv2d(64, 64, kernel_size=(1, 1), stride=(1, 1))
  |    )
  |  )
  |  (5): ResBlock(
  |    (res): Sequential(
  |      (0): Conv2d(64, 64, kernel_size=(3, 3), stride=(1, 1), padding=(1, 1), groups=64)
  |      (1): Conv2d(64, 64, kernel_size=(1, 1), stride=(1, 1))
  |      (2): ReLU(inplace=True)
  |      (3): Conv2d(64, 64, kernel_size=(3, 3), stride=(1, 1), padding=(1, 1), groups=64)
  |      (4): Conv2d(64, 64, kernel_size=(1, 1), stride=(1, 1))
  |    )
  |  )
  |  (6): ResBlock(
  |    (res): Sequential(
  |      (0): Conv2d(64, 64, kernel_size=(3, 3), stride=(1, 1), padding=(1, 1), groups=64)
  |      (1): Conv2d(64, 64, kernel_size=(1, 1), stride=(1, 1))
  |      (2): ReLU(inplace=True)
  |      (3): Conv2d(64, 64, kernel_size=(3, 3), stride=(1, 1), padding=(1, 1), groups=64)
  |      (4): Conv2d(64, 64, kernel_size=(1, 1), stride=(1, 1))
  |    )
  |  )
  |  (7): ResBlock(
  |    (res): Sequential(
  |      (0): Conv2d(64, 64, kernel_size=(3, 3), stride=(1, 1), padding=(1, 1), groups=64)
  |      (1): Conv2d(64, 64, kernel_size=(1, 1), stride=(1, 1))
  |      (2): ReLU(inplace=True)
  |      (3): Conv2d(64, 64, kernel_size=(3, 3), stride=(1, 1), padding=(1, 1), groups=64)
  |      (4): Conv2d(64, 64, kernel_size=(1, 1), stride=(1, 1))
  |    )
  |  )
  |  (8): ResBlock(
  |    (res): Sequential(
  |      (0): Conv2d(64, 64, kernel_size=(3, 3), stride=(1, 1), padding=(1, 1), groups=64)
  |      (1): Conv2d(64, 64, kernel_size=(1, 1), stride=(1, 1))
  |      (2): ReLU(inplace=True)
  |      (3): Conv2d(64, 64, kernel_size=(3, 3), stride=(1, 1), padding=(1, 1), groups=64)
  |      (4): Conv2d(64, 64, kernel_size=(1, 1), stride=(1, 1))
  |    )
  |  )
  |  (9): ResBlock(
  |    (res): Sequential(
  |      (0): Conv2d(64, 64, kernel_size=(3, 3), stride=(1, 1), padding=(1, 1), groups=64)
  |      (1): Conv2d(64, 64, kernel_size=(1, 1), stride=(1, 1))
  |      (2): ReLU(inplace=True)
  |      (3): Conv2d(64, 64, kernel_size=(3, 3), stride=(1, 1), padding=(1, 1), groups=64)
  |      (4): Conv2d(64, 64, kernel_size=(1, 1), stride=(1, 1))
  |    )
  |  )
  |  (10): ResBlock(
  |    (res): Sequential(
  |      (0): Conv2d(64, 64, kernel_size=(3, 3), stride=(1, 1), padding=(1, 1), groups=64)
  |      (1): Conv2d(64, 64, kernel_size=(1, 1), stride=(1, 1))
  |      (2): ReLU(inplace=True)
  |      (3): Conv2d(64, 64, kernel_size=(3, 3), stride=(1, 1), padding=(1, 1), groups=64)
  |      (4): Conv2d(64, 64, kernel_size=(1, 1), stride=(1, 1))
  |    )
  |  )
  |  (11): ResBlock(
  |    (res): Sequential(
  |      (0): Conv2d(64, 64, kernel_size=(3, 3), stride=(1, 1), padding=(1, 1), groups=64)
  |      (1): Conv2d(64, 64, kernel_size=(1, 1), stride=(1, 1))
  |      (2): ReLU(inplace=True)
  |      (3): Conv2d(64, 64, kernel_size=(3, 3), stride=(1, 1), padding=(1, 1), groups=64)
  |      (4): Conv2d(64, 64, kernel_size=(1, 1), stride=(1, 1))
  |    )
  |  )
  |  (12): ResBlock(
  |    (res): Sequential(
  |      (0): Conv2d(64, 64, kernel_size=(3, 3), stride=(1, 1), padding=(1, 1), groups=64)
  |      (1): Conv2d(64, 64, kernel_size=(1, 1), stride=(1, 1))
  |      (2): ReLU(inplace=True)
  |      (3): Conv2d(64, 64, kernel_size=(3, 3), stride=(1, 1), padding=(1, 1), groups=64)
  |      (4): Conv2d(64, 64, kernel_size=(1, 1), stride=(1, 1))
  |    )
  |  )
  |  (13): ResBlock(
  |    (res): Sequential(
  |      (0): Conv2d(64, 64, kernel_size=(3, 3), stride=(1, 1), padding=(1, 1), groups=64)
  |      (1): Conv2d(64, 64, kernel_size=(1, 1), stride=(1, 1))
  |      (2): ReLU(inplace=True)
  |      (3): Conv2d(64, 64, kernel_size=(3, 3), stride=(1, 1), padding=(1, 1), groups=64)
  |      (4): Conv2d(64, 64, kernel_size=(1, 1), stride=(1, 1))
  |    )
  |  )
  |  (14): ResBlock(
  |    (res): Sequential(
  |      (0): Conv2d(64, 64, kernel_size=(3, 3), stride=(1, 1), padding=(1, 1), groups=64)
  |      (1): Conv2d(64, 64, kernel_size=(1, 1), stride=(1, 1))
  |      (2): ReLU(inplace=True)
  |      (3): Conv2d(64, 64, kernel_size=(3, 3), stride=(1, 1), padding=(1, 1), groups=64)
  |      (4): Conv2d(64, 64, kernel_size=(1, 1), stride=(1, 1))
  |    )
  |  )
  |  (15): ResBlock(
  |    (res): Sequential(
  |      (0): Conv2d(64, 64, kernel_size=(3, 3), stride=(1, 1), padding=(1, 1), groups=64)
  |      (1): Conv2d(64, 64, kernel_size=(1, 1), stride=(1, 1))
  |      (2): ReLU(inplace=True)
  |      (3): Conv2d(64, 64, kernel_size=(3, 3), stride=(1, 1), padding=(1, 1), groups=64)
  |      (4): Conv2d(64, 64, kernel_size=(1, 1), stride=(1, 1))
  |    )
  |  )
  |  (16): Conv2d(64, 64, kernel_size=(3, 3), stride=(1, 1), padding=(1, 1))
  |)
  (tail): Sequential(
    (0): Upsample(scale_factor=2.0, mode='nearest')
    (1): Conv2d(64, 64, kernel_size=(3, 3), stride=(1, 1), padding=(1, 1))
    (2): ReLU(inplace=True)
    (3): Conv2d(64, 64, kernel_size=(3, 3), stride=(1, 1), padding=(1, 1))
    (4): ReLU(inplace=True)
    (5): Conv2d(64, 3, kernel_size=(3, 3), stride=(1, 1), padding=(1, 1), bias=False)
  )
  (copress): Conv2d(128, 64, kernel_size=(1, 1), stride=(1, 1))
)

Networks name: Discriminator_VGG_96
Params number: 14142729
Net structure:
Discriminator_VGG_96(
  (features): Sequential(
    (0): Conv2d(1, 64, kernel_size=(3, 3), stride=(1, 1), padding=(1, 1))
    (1): Conv2d(64, 64, kernel_size=(4, 4), stride=(2, 2), padding=(1, 1))
    (2): BatchNorm2d(64, eps=0.0001, momentum=0.9, affine=True, track_running_stats=True)
    (3): LeakyReLU(negative_slope=0.2, inplace=True)
    (4): Conv2d(64, 128, kernel_size=(3, 3), stride=(1, 1), padding=(1, 1))
    (5): BatchNorm2d(128, eps=0.0001, momentum=0.9, affine=True, track_running_stats=True)
    (6): LeakyReLU(negative_slope=0.2, inplace=True)
    (7): Conv2d(128, 128, kernel_size=(4, 4), stride=(2, 2), padding=(1, 1))
    (8): BatchNorm2d(128, eps=0.0001, momentum=0.9, affine=True, track_running_stats=True)
    (9): LeakyReLU(negative_slope=0.2, inplace=True)
    (10): Conv2d(128, 256, kernel_size=(3, 3), stride=(1, 1), padding=(1, 1))
    (11): BatchNorm2d(256, eps=0.0001, momentum=0.9, affine=True, track_running_stats=True)
    (12): LeakyReLU(negative_slope=0.2, inplace=True)
    (13): Conv2d(256, 256, kernel_size=(4, 4), stride=(2, 2), padding=(1, 1))
    (14): BatchNorm2d(256, eps=0.0001, momentum=0.9, affine=True, track_running_stats=True)
    (15): LeakyReLU(negative_slope=0.2, inplace=True)
    (16): Conv2d(256, 512, kernel_size=(3, 3), stride=(1, 1), padding=(1, 1))
    (17): BatchNorm2d(512, eps=0.0001, momentum=0.9, affine=True, track_running_stats=True)
    (18): LeakyReLU(negative_slope=0.2, inplace=True)
    (19): Conv2d(512, 512, kernel_size=(4, 4), stride=(2, 2), padding=(1, 1))
    (20): BatchNorm2d(512, eps=0.0001, momentum=0.9, affine=True, track_running_stats=True)
    (21): LeakyReLU(negative_slope=0.2, inplace=True)
    (22): Conv2d(512, 512, kernel_size=(3, 3), stride=(1, 1), padding=(1, 1))
    (23): BatchNorm2d(512, eps=0.0001, momentum=0.9, affine=True, track_running_stats=True)
    (24): LeakyReLU(negative_slope=0.2, inplace=True)
    (25): Conv2d(512, 512, kernel_size=(4, 4), stride=(2, 2), padding=(1, 1))
    (26): BatchNorm2d(512, eps=0.0001, momentum=0.9, affine=True, track_running_stats=True)
    (27): LeakyReLU(negative_slope=0.2, inplace=True)
  )
  (classifier): Sequential(
    (0): Linear(in_features=4608, out_features=100, bias=True)
    (1): LeakyReLU(negative_slope=0.2, inplace=True)
    (2): Linear(in_features=100, out_features=1, bias=True)
  )
)

Networks name: VGGFeatureExtractor
Params number: 20024384
Net structure:
VGGFeatureExtractor(
  (features): Sequential(
    (0): Conv2d(3, 64, kernel_size=(3, 3), stride=(1, 1), padding=(1, 1))
    (1): ReLU(inplace=True)
    (2): Conv2d(64, 64, kernel_size=(3, 3), stride=(1, 1), padding=(1, 1))
    (3): ReLU(inplace=True)
    (4): MaxPool2d(kernel_size=2, stride=2, padding=0, dilation=1, ceil_mode=False)
    (5): Conv2d(64, 128, kernel_size=(3, 3), stride=(1, 1), padding=(1, 1))
    (6): ReLU(inplace=True)
    (7): Conv2d(128, 128, kernel_size=(3, 3), stride=(1, 1), padding=(1, 1))
    (8): ReLU(inplace=True)
    (9): MaxPool2d(kernel_size=2, stride=2, padding=0, dilation=1, ceil_mode=False)
    (10): Conv2d(128, 256, kernel_size=(3, 3), stride=(1, 1), padding=(1, 1))
    (11): ReLU(inplace=True)
    (12): Conv2d(256, 256, kernel_size=(3, 3), stride=(1, 1), padding=(1, 1))
    (13): ReLU(inplace=True)
    (14): Conv2d(256, 256, kernel_size=(3, 3), stride=(1, 1), padding=(1, 1))
    (15): ReLU(inplace=True)
    (16): Conv2d(256, 256, kernel_size=(3, 3), stride=(1, 1), padding=(1, 1))
    (17): ReLU(inplace=True)
    (18): MaxPool2d(kernel_size=2, stride=2, padding=0, dilation=1, ceil_mode=False)
    (19): Conv2d(256, 512, kernel_size=(3, 3), stride=(1, 1), padding=(1, 1))
    (20): ReLU(inplace=True)
    (21): Conv2d(512, 512, kernel_size=(3, 3), stride=(1, 1), padding=(1, 1))
    (22): ReLU(inplace=True)
    (23): Conv2d(512, 512, kernel_size=(3, 3), stride=(1, 1), padding=(1, 1))
    (24): ReLU(inplace=True)
    (25): Conv2d(512, 512, kernel_size=(3, 3), stride=(1, 1), padding=(1, 1))
    (26): ReLU(inplace=True)
    (27): MaxPool2d(kernel_size=2, stride=2, padding=0, dilation=1, ceil_mode=False)
    (28): Conv2d(512, 512, kernel_size=(3, 3), stride=(1, 1), padding=(1, 1))
    (29): ReLU(inplace=True)
    (30): Conv2d(512, 512, kernel_size=(3, 3), stride=(1, 1), padding=(1, 1))
    (31): ReLU(inplace=True)
    (32): Conv2d(512, 512, kernel_size=(3, 3), stride=(1, 1), padding=(1, 1))
    (33): ReLU(inplace=True)
    (34): Conv2d(512, 512, kernel_size=(3, 3), stride=(1, 1), padding=(1, 1))
  )
)

25-10-19 02:19:55.261 : 
 |  mean  |  min   |  max   |  std   || param_name          
 | -0.000 | -0.059 |  0.057 |  0.025 || KD.c1_d.0.weight
 |  0.000 |  0.000 |  0.000 |  0.000 || KD.c1_d.0.bias
 | -0.000 | -0.073 |  0.082 |  0.025 || KD.c1_d.1.weight
 |  0.000 |  0.000 |  0.000 |  0.000 || KD.c1_d.1.bias
 | -0.000 | -0.072 |  0.076 |  0.025 || KD.c1_r.0.weight
 |  0.000 |  0.000 |  0.000 |  0.000 || KD.c1_r.0.bias
 | -0.000 | -0.089 |  0.096 |  0.025 || KD.c1_r.1.weight
 |  0.000 |  0.000 |  0.000 |  0.000 || KD.c1_r.1.bias
 | -0.003 | -0.057 |  0.055 |  0.025 || KD.c2_d.0.weight
 |  0.000 |  0.000 |  0.000 |  0.000 || KD.c2_d.0.bias
 | -0.001 | -0.091 |  0.084 |  0.025 || KD.c2_d.1.weight
 |  0.000 |  0.000 |  0.000 |  0.000 || KD.c2_d.1.bias
 | -0.002 | -0.086 |  0.076 |  0.025 || KD.c2_r.0.weight
 |  0.000 |  0.000 |  0.000 |  0.000 || KD.c2_r.0.bias
 |  0.000 | -0.088 |  0.088 |  0.025 || KD.c2_r.1.weight
 |  0.000 |  0.000 |  0.000 |  0.000 || KD.c2_r.1.bias
 |  0.001 | -0.057 |  0.046 |  0.025 || KD.c3_d.0.weight
 |  0.000 |  0.000 |  0.000 |  0.000 || KD.c3_d.0.bias
 |  0.001 | -0.088 |  0.074 |  0.025 || KD.c3_d.1.weight
 |  0.000 |  0.000 |  0.000 |  0.000 || KD.c3_d.1.bias
 |  0.001 | -0.060 |  0.076 |  0.025 || KD.c3_r.0.weight
 |  0.000 |  0.000 |  0.000 |  0.000 || KD.c3_r.0.bias
 |  0.000 | -0.090 |  0.088 |  0.025 || KD.c3_r.1.weight
 |  0.000 |  0.000 |  0.000 |  0.000 || KD.c3_r.1.bias
 |  0.000 | -0.067 |  0.068 |  0.025 || KD.c4.0.weight
 |  0.000 |  0.000 |  0.000 |  0.000 || KD.c4.0.bias
 | -0.001 | -0.078 |  0.078 |  0.025 || KD.c4.1.weight
 |  0.000 |  0.000 |  0.000 |  0.000 || KD.c4.1.bias
 | -0.002 | -0.061 |  0.047 |  0.018 || KD.c5.0.weight
 |  0.000 |  0.000 |  0.000 |  0.000 || KD.c5.0.bias
 | -0.000 | -0.062 |  0.065 |  0.018 || KD.c5.1.weight
 |  0.000 |  0.000 |  0.000 |  0.000 || KD.c5.1.bias
 |  0.002 | -0.056 |  0.065 |  0.025 || KD.esa.conv1.0.weight
 |  0.000 |  0.000 |  0.000 |  0.000 || KD.esa.conv1.0.bias
 |  0.001 | -0.071 |  0.074 |  0.025 || KD.esa.conv1.1.weight
 |  0.000 |  0.000 |  0.000 |  0.000 || KD.esa.conv1.1.bias
 |  0.000 | -0.090 |  0.101 |  0.052 || KD.esa.conv_f.0.weight
 |  0.000 |  0.000 |  0.000 |  0.000 || KD.esa.conv_f.0.bias
 |  0.002 | -0.111 |  0.137 |  0.050 || KD.esa.conv_f.1.weight
 |  0.000 |  0.000 |  0.000 |  0.000 || KD.esa.conv_f.1.bias
 | -0.002 | -0.107 |  0.116 |  0.050 || KD.esa.conv_max.0.weight
 |  0.000 |  0.000 |  0.000 |  0.000 || KD.esa.conv_max.0.bias
 |  0.002 | -0.097 |  0.133 |  0.050 || KD.esa.conv_max.1.weight
 |  0.000 |  0.000 |  0.000 |  0.000 || KD.esa.conv_max.1.bias
 | -0.001 | -0.113 |  0.143 |  0.050 || KD.esa.conv2.0.weight
 |  0.000 |  0.000 |  0.000 |  0.000 || KD.esa.conv2.0.bias
 |  0.007 | -0.112 |  0.133 |  0.050 || KD.esa.conv2.1.weight
 |  0.000 |  0.000 |  0.000 |  0.000 || KD.esa.conv2.1.bias
 | -0.009 | -0.139 |  0.128 |  0.049 || KD.esa.conv3.0.weight
 |  0.000 |  0.000 |  0.000 |  0.000 || KD.esa.conv3.0.bias
 |  0.001 | -0.120 |  0.126 |  0.050 || KD.esa.conv3.1.weight
 |  0.000 |  0.000 |  0.000 |  0.000 || KD.esa.conv3.1.bias
 | -0.006 | -0.134 |  0.116 |  0.050 || KD.esa.conv3_.0.weight
 |  0.000 |  0.000 |  0.000 |  0.000 || KD.esa.conv3_.0.bias
 | -0.001 | -0.132 |  0.137 |  0.050 || KD.esa.conv3_.1.weight
 |  0.000 |  0.000 |  0.000 |  0.000 || KD.esa.conv3_.1.bias
 | -0.020 | -0.124 |  0.069 |  0.047 || KD.esa.conv4.0.weight
 |  0.000 |  0.000 |  0.000 |  0.000 || KD.esa.conv4.0.bias
 |  0.000 | -0.068 |  0.084 |  0.025 || KD.esa.conv4.1.weight
 |  0.000 |  0.000 |  0.000 |  0.000 || KD.esa.conv4.1.bias
 |  0.001 | -0.073 |  0.077 |  0.025 || head.weight
 |  0.000 |  0.000 |  0.000 |  0.000 || head.bias
 |  0.000 | -0.077 |  0.066 |  0.025 || body.sub.0.res.0.weight
 |  0.000 |  0.000 |  0.000 |  0.000 || body.sub.0.res.0.bias
 |  0.000 | -0.081 |  0.076 |  0.025 || body.sub.0.res.1.weight
 |  0.000 |  0.000 |  0.000 |  0.000 || body.sub.0.res.1.bias
 | -0.000 | -0.096 |  0.067 |  0.025 || body.sub.0.res.3.weight
 |  0.000 |  0.000 |  0.000 |  0.000 || body.sub.0.res.3.bias
 |  0.000 | -0.091 |  0.093 |  0.025 || body.sub.0.res.4.weight
 |  0.000 |  0.000 |  0.000 |  0.000 || body.sub.0.res.4.bias
 |  0.001 | -0.069 |  0.091 |  0.025 || body.sub.1.res.0.weight
 |  0.000 |  0.000 |  0.000 |  0.000 || body.sub.1.res.0.bias
 | -0.001 | -0.079 |  0.085 |  0.025 || body.sub.1.res.1.weight
 |  0.000 |  0.000 |  0.000 |  0.000 || body.sub.1.res.1.bias
 |  0.001 | -0.078 |  0.077 |  0.025 || body.sub.1.res.3.weight
 |  0.000 |  0.000 |  0.000 |  0.000 || body.sub.1.res.3.bias
 | -0.000 | -0.095 |  0.093 |  0.025 || body.sub.1.res.4.weight
 |  0.000 |  0.000 |  0.000 |  0.000 || body.sub.1.res.4.bias
 | -0.001 | -0.090 |  0.064 |  0.025 || body.sub.2.res.0.weight
 |  0.000 |  0.000 |  0.000 |  0.000 || body.sub.2.res.0.bias
 |  0.000 | -0.083 |  0.086 |  0.025 || body.sub.2.res.1.weight
 |  0.000 |  0.000 |  0.000 |  0.000 || body.sub.2.res.1.bias
 |  0.001 | -0.073 |  0.072 |  0.025 || body.sub.2.res.3.weight
 |  0.000 |  0.000 |  0.000 |  0.000 || body.sub.2.res.3.bias
 |  0.001 | -0.085 |  0.079 |  0.025 || body.sub.2.res.4.weight
 |  0.000 |  0.000 |  0.000 |  0.000 || body.sub.2.res.4.bias
 |  0.002 | -0.101 |  0.092 |  0.025 || body.sub.3.res.0.weight
 |  0.000 |  0.000 |  0.000 |  0.000 || body.sub.3.res.0.bias
 |  0.001 | -0.087 |  0.102 |  0.025 || body.sub.3.res.1.weight
 |  0.000 |  0.000 |  0.000 |  0.000 || body.sub.3.res.1.bias
 |  0.001 | -0.077 |  0.074 |  0.025 || body.sub.3.res.3.weight
 |  0.000 |  0.000 |  0.000 |  0.000 || body.sub.3.res.3.bias
 | -0.000 | -0.090 |  0.082 |  0.025 || body.sub.3.res.4.weight
 |  0.000 |  0.000 |  0.000 |  0.000 || body.sub.3.res.4.bias
 | -0.001 | -0.084 |  0.070 |  0.025 || body.sub.4.res.0.weight
 |  0.000 |  0.000 |  0.000 |  0.000 || body.sub.4.res.0.bias
 | -0.000 | -0.075 |  0.093 |  0.025 || body.sub.4.res.1.weight
 |  0.000 |  0.000 |  0.000 |  0.000 || body.sub.4.res.1.bias
 |  0.002 | -0.087 |  0.077 |  0.025 || body.sub.4.res.3.weight
 |  0.000 |  0.000 |  0.000 |  0.000 || body.sub.4.res.3.bias
 |  0.001 | -0.084 |  0.086 |  0.025 || body.sub.4.res.4.weight
 |  0.000 |  0.000 |  0.000 |  0.000 || body.sub.4.res.4.bias
 | -0.000 | -0.068 |  0.071 |  0.025 || body.sub.5.res.0.weight
 |  0.000 |  0.000 |  0.000 |  0.000 || body.sub.5.res.0.bias
 | -0.000 | -0.091 |  0.087 |  0.025 || body.sub.5.res.1.weight
 |  0.000 |  0.000 |  0.000 |  0.000 || body.sub.5.res.1.bias
 | -0.001 | -0.075 |  0.063 |  0.025 || body.sub.5.res.3.weight
 |  0.000 |  0.000 |  0.000 |  0.000 || body.sub.5.res.3.bias
 |  0.000 | -0.104 |  0.083 |  0.025 || body.sub.5.res.4.weight
 |  0.000 |  0.000 |  0.000 |  0.000 || body.sub.5.res.4.bias
 |  0.000 | -0.075 |  0.087 |  0.025 || body.sub.6.res.0.weight
 |  0.000 |  0.000 |  0.000 |  0.000 || body.sub.6.res.0.bias
 |  0.001 | -0.082 |  0.082 |  0.025 || body.sub.6.res.1.weight
 |  0.000 |  0.000 |  0.000 |  0.000 || body.sub.6.res.1.bias
 |  0.001 | -0.070 |  0.068 |  0.025 || body.sub.6.res.3.weight
 |  0.000 |  0.000 |  0.000 |  0.000 || body.sub.6.res.3.bias
 |  0.000 | -0.087 |  0.086 |  0.025 || body.sub.6.res.4.weight
 |  0.000 |  0.000 |  0.000 |  0.000 || body.sub.6.res.4.bias
 | -0.001 | -0.070 |  0.065 |  0.025 || body.sub.7.res.0.weight
 |  0.000 |  0.000 |  0.000 |  0.000 || body.sub.7.res.0.bias
 |  0.000 | -0.082 |  0.091 |  0.025 || body.sub.7.res.1.weight
 |  0.000 |  0.000 |  0.000 |  0.000 || body.sub.7.res.1.bias
 |  0.000 | -0.080 |  0.077 |  0.025 || body.sub.7.res.3.weight
 |  0.000 |  0.000 |  0.000 |  0.000 || body.sub.7.res.3.bias
 |  0.001 | -0.095 |  0.078 |  0.025 || body.sub.7.res.4.weight
 |  0.000 |  0.000 |  0.000 |  0.000 || body.sub.7.res.4.bias
 | -0.001 | -0.084 |  0.060 |  0.025 || body.sub.8.res.0.weight
 |  0.000 |  0.000 |  0.000 |  0.000 || body.sub.8.res.0.bias
 | -0.000 | -0.088 |  0.089 |  0.025 || body.sub.8.res.1.weight
 |  0.000 |  0.000 |  0.000 |  0.000 || body.sub.8.res.1.bias
 | -0.001 | -0.083 |  0.070 |  0.025 || body.sub.8.res.3.weight
 |  0.000 |  0.000 |  0.000 |  0.000 || body.sub.8.res.3.bias
 |  0.000 | -0.086 |  0.089 |  0.025 || body.sub.8.res.4.weight
 |  0.000 |  0.000 |  0.000 |  0.000 || body.sub.8.res.4.bias
 | -0.001 | -0.074 |  0.078 |  0.025 || body.sub.9.res.0.weight
 |  0.000 |  0.000 |  0.000 |  0.000 || body.sub.9.res.0.bias
 |  0.000 | -0.078 |  0.088 |  0.025 || body.sub.9.res.1.weight
 |  0.000 |  0.000 |  0.000 |  0.000 || body.sub.9.res.1.bias
 |  0.000 | -0.083 |  0.087 |  0.025 || body.sub.9.res.3.weight
 |  0.000 |  0.000 |  0.000 |  0.000 || body.sub.9.res.3.bias
 |  0.000 | -0.087 |  0.101 |  0.025 || body.sub.9.res.4.weight
 |  0.000 |  0.000 |  0.000 |  0.000 || body.sub.9.res.4.bias
 |  0.000 | -0.081 |  0.070 |  0.025 || body.sub.10.res.0.weight
 |  0.000 |  0.000 |  0.000 |  0.000 || body.sub.10.res.0.bias
 | -0.000 | -0.080 |  0.081 |  0.025 || body.sub.10.res.1.weight
 |  0.000 |  0.000 |  0.000 |  0.000 || body.sub.10.res.1.bias
 | -0.001 | -0.071 |  0.064 |  0.025 || body.sub.10.res.3.weight
 |  0.000 |  0.000 |  0.000 |  0.000 || body.sub.10.res.3.bias
 | -0.001 | -0.081 |  0.090 |  0.025 || body.sub.10.res.4.weight
 |  0.000 |  0.000 |  0.000 |  0.000 || body.sub.10.res.4.bias
 |  0.000 | -0.075 |  0.060 |  0.025 || body.sub.11.res.0.weight
 |  0.000 |  0.000 |  0.000 |  0.000 || body.sub.11.res.0.bias
 | -0.000 | -0.085 |  0.090 |  0.025 || body.sub.11.res.1.weight
 |  0.000 |  0.000 |  0.000 |  0.000 || body.sub.11.res.1.bias
 | -0.002 | -0.075 |  0.074 |  0.025 || body.sub.11.res.3.weight
 |  0.000 |  0.000 |  0.000 |  0.000 || body.sub.11.res.3.bias
 |  0.000 | -0.086 |  0.083 |  0.025 || body.sub.11.res.4.weight
 |  0.000 |  0.000 |  0.000 |  0.000 || body.sub.11.res.4.bias
 | -0.001 | -0.088 |  0.071 |  0.025 || body.sub.12.res.0.weight
 |  0.000 |  0.000 |  0.000 |  0.000 || body.sub.12.res.0.bias
 | -0.000 | -0.089 |  0.100 |  0.025 || body.sub.12.res.1.weight
 |  0.000 |  0.000 |  0.000 |  0.000 || body.sub.12.res.1.bias
 | -0.001 | -0.069 |  0.087 |  0.025 || body.sub.12.res.3.weight
 |  0.000 |  0.000 |  0.000 |  0.000 || body.sub.12.res.3.bias
 | -0.000 | -0.081 |  0.087 |  0.025 || body.sub.12.res.4.weight
 |  0.000 |  0.000 |  0.000 |  0.000 || body.sub.12.res.4.bias
 | -0.002 | -0.063 |  0.061 |  0.025 || body.sub.13.res.0.weight
 |  0.000 |  0.000 |  0.000 |  0.000 || body.sub.13.res.0.bias
 | -0.000 | -0.087 |  0.078 |  0.025 || body.sub.13.res.1.weight
 |  0.000 |  0.000 |  0.000 |  0.000 || body.sub.13.res.1.bias
 |  0.000 | -0.088 |  0.073 |  0.025 || body.sub.13.res.3.weight
 |  0.000 |  0.000 |  0.000 |  0.000 || body.sub.13.res.3.bias
 |  0.000 | -0.095 |  0.084 |  0.025 || body.sub.13.res.4.weight
 |  0.000 |  0.000 |  0.000 |  0.000 || body.sub.13.res.4.bias
 | -0.001 | -0.065 |  0.089 |  0.025 || body.sub.14.res.0.weight
 |  0.000 |  0.000 |  0.000 |  0.000 || body.sub.14.res.0.bias
 | -0.000 | -0.083 |  0.088 |  0.025 || body.sub.14.res.1.weight
 |  0.000 |  0.000 |  0.000 |  0.000 || body.sub.14.res.1.bias
 |  0.002 | -0.064 |  0.074 |  0.025 || body.sub.14.res.3.weight
 |  0.000 |  0.000 |  0.000 |  0.000 || body.sub.14.res.3.bias
 |  0.000 | -0.100 |  0.095 |  0.025 || body.sub.14.res.4.weight
 |  0.000 |  0.000 |  0.000 |  0.000 || body.sub.14.res.4.bias
 | -0.001 | -0.077 |  0.058 |  0.025 || body.sub.15.res.0.weight
 |  0.000 |  0.000 |  0.000 |  0.000 || body.sub.15.res.0.bias
 | -0.001 | -0.088 |  0.079 |  0.025 || body.sub.15.res.1.weight
 |  0.000 |  0.000 |  0.000 |  0.000 || body.sub.15.res.1.bias
 | -0.001 | -0.080 |  0.087 |  0.025 || body.sub.15.res.3.weight
 |  0.000 |  0.000 |  0.000 |  0.000 || body.sub.15.res.3.bias
 |  0.000 | -0.089 |  0.087 |  0.025 || body.sub.15.res.4.weight
 |  0.000 |  0.000 |  0.000 |  0.000 || body.sub.15.res.4.bias
 | -0.000 | -0.031 |  0.033 |  0.008 || body.sub.16.weight
 |  0.000 |  0.000 |  0.000 |  0.000 || body.sub.16.bias
 | -0.000 | -0.032 |  0.037 |  0.008 || tail.1.weight
 |  0.000 |  0.000 |  0.000 |  0.000 || tail.1.bias
 |  0.000 | -0.034 |  0.032 |  0.008 || tail.3.weight
 |  0.000 |  0.000 |  0.000 |  0.000 || tail.3.bias
 |  0.000 | -0.028 |  0.029 |  0.008 || tail.5.weight
 |  0.000 | -0.066 |  0.061 |  0.018 || copress.weight
 |  0.000 |  0.000 |  0.000 |  0.000 || copress.bias

25-10-19 02:20:14.760 :   task: 0529msrresnet_gan_kd_x2_s4_for nc128 le-4 IR 20000
  model: gan
  gpu_ids: [0]
  scale: 2
  n_channels: 3
  sigma: [0, 50]
  sigma_test: 0
  merge_bn: False
  merge_bn_startpoint: 400000
  path:[
    root: superresolution
    pretrained_netG: None
    pretrained_netD: None
    task: superresolution/0529msrresnet_gan_kd_x2_s4_for nc128 le-4 IR 20000
    log: superresolution/0529msrresnet_gan_kd_x2_s4_for nc128 le-4 IR 20000
    options: superresolution/0529msrresnet_gan_kd_x2_s4_for nc128 le-4 IR 20000/options
    models: superresolution/0529msrresnet_gan_kd_x2_s4_for nc128 le-4 IR 20000/models
    images: superresolution/0529msrresnet_gan_kd_x2_s4_for nc128 le-4 IR 20000/images
  ]
  datasets:[
    train:[
      name: train_dataset
      dataset_type: sr
      dataroot_H: /home/pamasi/deep_learning/ir/dataset_sr/dataset_CIDIS_sisr_x8/thermal/train/GT
      dataroot_L: /home/pamasi/deep_learning/ir/dataset_sr/dataset_CIDIS_sisr_x8/thermal/train/LR_x8
      H_size: 96
      dataloader_shuffle: True
      dataloader_num_workers: 8
      dataloader_batch_size: 32
      phase: train
      scale: 2
      n_channels: 3
    ]
    test:[
      name: test_dataset
      dataset_type: sr
      dataroot_H: /home/pamasi/deep_learning/ir/dataset_sr/dataset_CIDIS_sisr_x8/thermal/val/GT
      dataroot_L: /home/pamasi/deep_learning/ir/dataset_sr/dataset_CIDIS_sisr_x8/thermal/val/LR_x8
      phase: test
      scale: 2
      n_channels: 3
    ]
  ]
  netG:[
    net_type: msrresnet0
    en_net_type: D_msrresnet0
    enhance: no_enhance
    in_nc: 3
    out_nc: 3
    nc: 64
    nb: 16
    gc: 32
    ng: 2
    reduction: 16
    act_mode: R
    upsample_mode: upconv
    downsample_mode: strideconv
    init_type: orthogonal
    init_bn_type: uniform
    init_gain: 0.2
    scale: 2
  ]
  netD:[
    net_type: discriminator_vgg_96
    in_nc: 3
    act_mode: BL
    base_nc: 64
    init_type: orthogonal
    init_bn_type: uniform
    init_gain: 0.2
  ]
  train:[
    G_lossfn_type: l1
    G_lossfn_weight: 0.01
    F_lossfn_type: l1
    F_lossfn_weight: 1
    gan_type: ragan
    D_lossfn_weight: 0.005
    D_init_iters: 0
    G_optimizer_type: adam
    G_optimizer_lr: 0.0001
    G_optimizer_wd: 0
    D_optimizer_type: adam
    D_optimizer_lr: 0.0001
    D_optimizer_wd: 0
    G_scheduler_type: MultiStepLR
    G_scheduler_milestones: [100000, 200000, 1200000, 2000000]
    G_scheduler_gamma: 0.5
    D_scheduler_type: MultiStepLR
    D_scheduler_milestones: [100000, 200000, 1200000, 2000000]
    D_scheduler_gamma: 0.5
    checkpoint_test: 5000
    checkpoint_save: 5000
    checkpoint_print: 200
  ]
  opt_path: options/train_kdsrgan.json
  is_train: True

25-10-19 02:20:14.760 : Random seed: 3688
25-10-19 02:20:14.764 : Number of train images: 700, iters: 22
25-10-19 02:20:18.590 : 
Networks name: D_msrresnet0
Params number: 312736
Net structure:
D_msrresnet0(
  (KD): KDB(
    (c1_d): Sequential(
      (0): Conv2d(64, 64, kernel_size=(1, 1), stride=(1, 1), groups=64)
      (1): Conv2d(64, 32, kernel_size=(1, 1), stride=(1, 1))
    )
    (c1_r): Sequential(
      (0): Conv2d(64, 64, kernel_size=(3, 3), stride=(1, 1), padding=(1, 1), groups=64)
      (1): Conv2d(64, 64, kernel_size=(1, 1), stride=(1, 1))
    )
    (c2_d): Sequential(
      (0): Conv2d(64, 64, kernel_size=(1, 1), stride=(1, 1), groups=64)
      (1): Conv2d(64, 32, kernel_size=(1, 1), stride=(1, 1))
    )
    (c2_r): Sequential(
      (0): Conv2d(64, 64, kernel_size=(3, 3), stride=(1, 1), padding=(1, 1), groups=64)
      (1): Conv2d(64, 64, kernel_size=(1, 1), stride=(1, 1))
    )
    (c3_d): Sequential(
      (0): Conv2d(64, 64, kernel_size=(1, 1), stride=(1, 1), groups=64)
      (1): Conv2d(64, 32, kernel_size=(1, 1), stride=(1, 1))
    )
    (c3_r): Sequential(
      (0): Conv2d(64, 64, kernel_size=(3, 3), stride=(1, 1), padding=(1, 1), groups=64)
      (1): Conv2d(64, 64, kernel_size=(1, 1), stride=(1, 1))
    )
    (c4): Sequential(
      (0): Conv2d(64, 64, kernel_size=(3, 3), stride=(1, 1), padding=(1, 1), groups=64)
      (1): Conv2d(64, 32, kernel_size=(1, 1), stride=(1, 1))
    )
    (act): LeakyReLU(negative_slope=0.05, inplace=True)
    (c5): Sequential(
      (0): Conv2d(128, 128, kernel_size=(1, 1), stride=(1, 1), groups=128)
      (1): Conv2d(128, 64, kernel_size=(1, 1), stride=(1, 1))
    )
    (esa): ESA(
      (conv1): Sequential(
        (0): Conv2d(64, 64, kernel_size=(1, 1), stride=(1, 1), groups=64)
        (1): Conv2d(64, 16, kernel_size=(1, 1), stride=(1, 1))
      )
      (conv_f): Sequential(
        (0): Conv2d(16, 16, kernel_size=(1, 1), stride=(1, 1), groups=16)
        (1): Conv2d(16, 16, kernel_size=(1, 1), stride=(1, 1))
      )
      (conv_max): Sequential(
        (0): Conv2d(16, 16, kernel_size=(3, 3), stride=(1, 1), padding=(1, 1), groups=16)
        (1): Conv2d(16, 16, kernel_size=(1, 1), stride=(1, 1))
      )
      (conv2): Sequential(
        (0): Conv2d(16, 16, kernel_size=(3, 3), stride=(2, 2), padding=(1, 1), groups=16)
        (1): Conv2d(16, 16, kernel_size=(1, 1), stride=(1, 1))
      )
      (conv3): Sequential(
        (0): Conv2d(16, 16, kernel_size=(3, 3), stride=(1, 1), padding=(1, 1), groups=16)
        (1): Conv2d(16, 16, kernel_size=(1, 1), stride=(1, 1))
      )
      (conv3_): Sequential(
        (0): Conv2d(16, 16, kernel_size=(3, 3), stride=(1, 1), padding=(1, 1), groups=16)
        (1): Conv2d(16, 16, kernel_size=(1, 1), stride=(1, 1))
      )
      (conv4): Sequential(
        (0): Conv2d(16, 16, kernel_size=(1, 1), stride=(1, 1), groups=16)
        (1): Conv2d(16, 64, kernel_size=(1, 1), stride=(1, 1))
      )
      (sigmoid): Sigmoid()
      (relu): ReLU(inplace=True)
    )
  )
  (head): Conv2d(3, 64, kernel_size=(3, 3), stride=(1, 1), padding=(1, 1))
  (body): Identity + 
  |Sequential(
  |  (0): ResBlock(
  |    (res): Sequential(
  |      (0): Conv2d(64, 64, kernel_size=(3, 3), stride=(1, 1), padding=(1, 1), groups=64)
  |      (1): Conv2d(64, 64, kernel_size=(1, 1), stride=(1, 1))
  |      (2): ReLU(inplace=True)
  |      (3): Conv2d(64, 64, kernel_size=(3, 3), stride=(1, 1), padding=(1, 1), groups=64)
  |      (4): Conv2d(64, 64, kernel_size=(1, 1), stride=(1, 1))
  |    )
  |  )
  |  (1): ResBlock(
  |    (res): Sequential(
  |      (0): Conv2d(64, 64, kernel_size=(3, 3), stride=(1, 1), padding=(1, 1), groups=64)
  |      (1): Conv2d(64, 64, kernel_size=(1, 1), stride=(1, 1))
  |      (2): ReLU(inplace=True)
  |      (3): Conv2d(64, 64, kernel_size=(3, 3), stride=(1, 1), padding=(1, 1), groups=64)
  |      (4): Conv2d(64, 64, kernel_size=(1, 1), stride=(1, 1))
  |    )
  |  )
  |  (2): ResBlock(
  |    (res): Sequential(
  |      (0): Conv2d(64, 64, kernel_size=(3, 3), stride=(1, 1), padding=(1, 1), groups=64)
  |      (1): Conv2d(64, 64, kernel_size=(1, 1), stride=(1, 1))
  |      (2): ReLU(inplace=True)
  |      (3): Conv2d(64, 64, kernel_size=(3, 3), stride=(1, 1), padding=(1, 1), groups=64)
  |      (4): Conv2d(64, 64, kernel_size=(1, 1), stride=(1, 1))
  |    )
  |  )
  |  (3): ResBlock(
  |    (res): Sequential(
  |      (0): Conv2d(64, 64, kernel_size=(3, 3), stride=(1, 1), padding=(1, 1), groups=64)
  |      (1): Conv2d(64, 64, kernel_size=(1, 1), stride=(1, 1))
  |      (2): ReLU(inplace=True)
  |      (3): Conv2d(64, 64, kernel_size=(3, 3), stride=(1, 1), padding=(1, 1), groups=64)
  |      (4): Conv2d(64, 64, kernel_size=(1, 1), stride=(1, 1))
  |    )
  |  )
  |  (4): ResBlock(
  |    (res): Sequential(
  |      (0): Conv2d(64, 64, kernel_size=(3, 3), stride=(1, 1), padding=(1, 1), groups=64)
  |      (1): Conv2d(64, 64, kernel_size=(1, 1), stride=(1, 1))
  |      (2): ReLU(inplace=True)
  |      (3): Conv2d(64, 64, kernel_size=(3, 3), stride=(1, 1), padding=(1, 1), groups=64)
  |      (4): Conv2d(64, 64, kernel_size=(1, 1), stride=(1, 1))
  |    )
  |  )
  |  (5): ResBlock(
  |    (res): Sequential(
  |      (0): Conv2d(64, 64, kernel_size=(3, 3), stride=(1, 1), padding=(1, 1), groups=64)
  |      (1): Conv2d(64, 64, kernel_size=(1, 1), stride=(1, 1))
  |      (2): ReLU(inplace=True)
  |      (3): Conv2d(64, 64, kernel_size=(3, 3), stride=(1, 1), padding=(1, 1), groups=64)
  |      (4): Conv2d(64, 64, kernel_size=(1, 1), stride=(1, 1))
  |    )
  |  )
  |  (6): ResBlock(
  |    (res): Sequential(
  |      (0): Conv2d(64, 64, kernel_size=(3, 3), stride=(1, 1), padding=(1, 1), groups=64)
  |      (1): Conv2d(64, 64, kernel_size=(1, 1), stride=(1, 1))
  |      (2): ReLU(inplace=True)
  |      (3): Conv2d(64, 64, kernel_size=(3, 3), stride=(1, 1), padding=(1, 1), groups=64)
  |      (4): Conv2d(64, 64, kernel_size=(1, 1), stride=(1, 1))
  |    )
  |  )
  |  (7): ResBlock(
  |    (res): Sequential(
  |      (0): Conv2d(64, 64, kernel_size=(3, 3), stride=(1, 1), padding=(1, 1), groups=64)
  |      (1): Conv2d(64, 64, kernel_size=(1, 1), stride=(1, 1))
  |      (2): ReLU(inplace=True)
  |      (3): Conv2d(64, 64, kernel_size=(3, 3), stride=(1, 1), padding=(1, 1), groups=64)
  |      (4): Conv2d(64, 64, kernel_size=(1, 1), stride=(1, 1))
  |    )
  |  )
  |  (8): ResBlock(
  |    (res): Sequential(
  |      (0): Conv2d(64, 64, kernel_size=(3, 3), stride=(1, 1), padding=(1, 1), groups=64)
  |      (1): Conv2d(64, 64, kernel_size=(1, 1), stride=(1, 1))
  |      (2): ReLU(inplace=True)
  |      (3): Conv2d(64, 64, kernel_size=(3, 3), stride=(1, 1), padding=(1, 1), groups=64)
  |      (4): Conv2d(64, 64, kernel_size=(1, 1), stride=(1, 1))
  |    )
  |  )
  |  (9): ResBlock(
  |    (res): Sequential(
  |      (0): Conv2d(64, 64, kernel_size=(3, 3), stride=(1, 1), padding=(1, 1), groups=64)
  |      (1): Conv2d(64, 64, kernel_size=(1, 1), stride=(1, 1))
  |      (2): ReLU(inplace=True)
  |      (3): Conv2d(64, 64, kernel_size=(3, 3), stride=(1, 1), padding=(1, 1), groups=64)
  |      (4): Conv2d(64, 64, kernel_size=(1, 1), stride=(1, 1))
  |    )
  |  )
  |  (10): ResBlock(
  |    (res): Sequential(
  |      (0): Conv2d(64, 64, kernel_size=(3, 3), stride=(1, 1), padding=(1, 1), groups=64)
  |      (1): Conv2d(64, 64, kernel_size=(1, 1), stride=(1, 1))
  |      (2): ReLU(inplace=True)
  |      (3): Conv2d(64, 64, kernel_size=(3, 3), stride=(1, 1), padding=(1, 1), groups=64)
  |      (4): Conv2d(64, 64, kernel_size=(1, 1), stride=(1, 1))
  |    )
  |  )
  |  (11): ResBlock(
  |    (res): Sequential(
  |      (0): Conv2d(64, 64, kernel_size=(3, 3), stride=(1, 1), padding=(1, 1), groups=64)
  |      (1): Conv2d(64, 64, kernel_size=(1, 1), stride=(1, 1))
  |      (2): ReLU(inplace=True)
  |      (3): Conv2d(64, 64, kernel_size=(3, 3), stride=(1, 1), padding=(1, 1), groups=64)
  |      (4): Conv2d(64, 64, kernel_size=(1, 1), stride=(1, 1))
  |    )
  |  )
  |  (12): ResBlock(
  |    (res): Sequential(
  |      (0): Conv2d(64, 64, kernel_size=(3, 3), stride=(1, 1), padding=(1, 1), groups=64)
  |      (1): Conv2d(64, 64, kernel_size=(1, 1), stride=(1, 1))
  |      (2): ReLU(inplace=True)
  |      (3): Conv2d(64, 64, kernel_size=(3, 3), stride=(1, 1), padding=(1, 1), groups=64)
  |      (4): Conv2d(64, 64, kernel_size=(1, 1), stride=(1, 1))
  |    )
  |  )
  |  (13): ResBlock(
  |    (res): Sequential(
  |      (0): Conv2d(64, 64, kernel_size=(3, 3), stride=(1, 1), padding=(1, 1), groups=64)
  |      (1): Conv2d(64, 64, kernel_size=(1, 1), stride=(1, 1))
  |      (2): ReLU(inplace=True)
  |      (3): Conv2d(64, 64, kernel_size=(3, 3), stride=(1, 1), padding=(1, 1), groups=64)
  |      (4): Conv2d(64, 64, kernel_size=(1, 1), stride=(1, 1))
  |    )
  |  )
  |  (14): ResBlock(
  |    (res): Sequential(
  |      (0): Conv2d(64, 64, kernel_size=(3, 3), stride=(1, 1), padding=(1, 1), groups=64)
  |      (1): Conv2d(64, 64, kernel_size=(1, 1), stride=(1, 1))
  |      (2): ReLU(inplace=True)
  |      (3): Conv2d(64, 64, kernel_size=(3, 3), stride=(1, 1), padding=(1, 1), groups=64)
  |      (4): Conv2d(64, 64, kernel_size=(1, 1), stride=(1, 1))
  |    )
  |  )
  |  (15): ResBlock(
  |    (res): Sequential(
  |      (0): Conv2d(64, 64, kernel_size=(3, 3), stride=(1, 1), padding=(1, 1), groups=64)
  |      (1): Conv2d(64, 64, kernel_size=(1, 1), stride=(1, 1))
  |      (2): ReLU(inplace=True)
  |      (3): Conv2d(64, 64, kernel_size=(3, 3), stride=(1, 1), padding=(1, 1), groups=64)
  |      (4): Conv2d(64, 64, kernel_size=(1, 1), stride=(1, 1))
  |    )
  |  )
  |  (16): Conv2d(64, 64, kernel_size=(3, 3), stride=(1, 1), padding=(1, 1))
  |)
  (tail): Sequential(
    (0): Upsample(scale_factor=2.0, mode='nearest')
    (1): Conv2d(64, 64, kernel_size=(3, 3), stride=(1, 1), padding=(1, 1))
    (2): ReLU(inplace=True)
    (3): Conv2d(64, 64, kernel_size=(3, 3), stride=(1, 1), padding=(1, 1))
    (4): ReLU(inplace=True)
    (5): Conv2d(64, 3, kernel_size=(3, 3), stride=(1, 1), padding=(1, 1), bias=False)
  )
  (copress): Conv2d(128, 64, kernel_size=(1, 1), stride=(1, 1))
)

Networks name: Discriminator_VGG_96
Params number: 14143881
Net structure:
Discriminator_VGG_96(
  (features): Sequential(
    (0): Conv2d(3, 64, kernel_size=(3, 3), stride=(1, 1), padding=(1, 1))
    (1): Conv2d(64, 64, kernel_size=(4, 4), stride=(2, 2), padding=(1, 1))
    (2): BatchNorm2d(64, eps=0.0001, momentum=0.9, affine=True, track_running_stats=True)
    (3): LeakyReLU(negative_slope=0.2, inplace=True)
    (4): Conv2d(64, 128, kernel_size=(3, 3), stride=(1, 1), padding=(1, 1))
    (5): BatchNorm2d(128, eps=0.0001, momentum=0.9, affine=True, track_running_stats=True)
    (6): LeakyReLU(negative_slope=0.2, inplace=True)
    (7): Conv2d(128, 128, kernel_size=(4, 4), stride=(2, 2), padding=(1, 1))
    (8): BatchNorm2d(128, eps=0.0001, momentum=0.9, affine=True, track_running_stats=True)
    (9): LeakyReLU(negative_slope=0.2, inplace=True)
    (10): Conv2d(128, 256, kernel_size=(3, 3), stride=(1, 1), padding=(1, 1))
    (11): BatchNorm2d(256, eps=0.0001, momentum=0.9, affine=True, track_running_stats=True)
    (12): LeakyReLU(negative_slope=0.2, inplace=True)
    (13): Conv2d(256, 256, kernel_size=(4, 4), stride=(2, 2), padding=(1, 1))
    (14): BatchNorm2d(256, eps=0.0001, momentum=0.9, affine=True, track_running_stats=True)
    (15): LeakyReLU(negative_slope=0.2, inplace=True)
    (16): Conv2d(256, 512, kernel_size=(3, 3), stride=(1, 1), padding=(1, 1))
    (17): BatchNorm2d(512, eps=0.0001, momentum=0.9, affine=True, track_running_stats=True)
    (18): LeakyReLU(negative_slope=0.2, inplace=True)
    (19): Conv2d(512, 512, kernel_size=(4, 4), stride=(2, 2), padding=(1, 1))
    (20): BatchNorm2d(512, eps=0.0001, momentum=0.9, affine=True, track_running_stats=True)
    (21): LeakyReLU(negative_slope=0.2, inplace=True)
    (22): Conv2d(512, 512, kernel_size=(3, 3), stride=(1, 1), padding=(1, 1))
    (23): BatchNorm2d(512, eps=0.0001, momentum=0.9, affine=True, track_running_stats=True)
    (24): LeakyReLU(negative_slope=0.2, inplace=True)
    (25): Conv2d(512, 512, kernel_size=(4, 4), stride=(2, 2), padding=(1, 1))
    (26): BatchNorm2d(512, eps=0.0001, momentum=0.9, affine=True, track_running_stats=True)
    (27): LeakyReLU(negative_slope=0.2, inplace=True)
  )
  (classifier): Sequential(
    (0): Linear(in_features=4608, out_features=100, bias=True)
    (1): LeakyReLU(negative_slope=0.2, inplace=True)
    (2): Linear(in_features=100, out_features=1, bias=True)
  )
)

Networks name: VGGFeatureExtractor
Params number: 20024384
Net structure:
VGGFeatureExtractor(
  (features): Sequential(
    (0): Conv2d(3, 64, kernel_size=(3, 3), stride=(1, 1), padding=(1, 1))
    (1): ReLU(inplace=True)
    (2): Conv2d(64, 64, kernel_size=(3, 3), stride=(1, 1), padding=(1, 1))
    (3): ReLU(inplace=True)
    (4): MaxPool2d(kernel_size=2, stride=2, padding=0, dilation=1, ceil_mode=False)
    (5): Conv2d(64, 128, kernel_size=(3, 3), stride=(1, 1), padding=(1, 1))
    (6): ReLU(inplace=True)
    (7): Conv2d(128, 128, kernel_size=(3, 3), stride=(1, 1), padding=(1, 1))
    (8): ReLU(inplace=True)
    (9): MaxPool2d(kernel_size=2, stride=2, padding=0, dilation=1, ceil_mode=False)
    (10): Conv2d(128, 256, kernel_size=(3, 3), stride=(1, 1), padding=(1, 1))
    (11): ReLU(inplace=True)
    (12): Conv2d(256, 256, kernel_size=(3, 3), stride=(1, 1), padding=(1, 1))
    (13): ReLU(inplace=True)
    (14): Conv2d(256, 256, kernel_size=(3, 3), stride=(1, 1), padding=(1, 1))
    (15): ReLU(inplace=True)
    (16): Conv2d(256, 256, kernel_size=(3, 3), stride=(1, 1), padding=(1, 1))
    (17): ReLU(inplace=True)
    (18): MaxPool2d(kernel_size=2, stride=2, padding=0, dilation=1, ceil_mode=False)
    (19): Conv2d(256, 512, kernel_size=(3, 3), stride=(1, 1), padding=(1, 1))
    (20): ReLU(inplace=True)
    (21): Conv2d(512, 512, kernel_size=(3, 3), stride=(1, 1), padding=(1, 1))
    (22): ReLU(inplace=True)
    (23): Conv2d(512, 512, kernel_size=(3, 3), stride=(1, 1), padding=(1, 1))
    (24): ReLU(inplace=True)
    (25): Conv2d(512, 512, kernel_size=(3, 3), stride=(1, 1), padding=(1, 1))
    (26): ReLU(inplace=True)
    (27): MaxPool2d(kernel_size=2, stride=2, padding=0, dilation=1, ceil_mode=False)
    (28): Conv2d(512, 512, kernel_size=(3, 3), stride=(1, 1), padding=(1, 1))
    (29): ReLU(inplace=True)
    (30): Conv2d(512, 512, kernel_size=(3, 3), stride=(1, 1), padding=(1, 1))
    (31): ReLU(inplace=True)
    (32): Conv2d(512, 512, kernel_size=(3, 3), stride=(1, 1), padding=(1, 1))
    (33): ReLU(inplace=True)
    (34): Conv2d(512, 512, kernel_size=(3, 3), stride=(1, 1), padding=(1, 1))
  )
)

25-10-19 02:20:18.690 : 
 |  mean  |  min   |  max   |  std   || param_name          
 |  0.001 | -0.059 |  0.051 |  0.025 || KD.c1_d.0.weight
 |  0.000 |  0.000 |  0.000 |  0.000 || KD.c1_d.0.bias
 |  0.000 | -0.088 |  0.103 |  0.025 || KD.c1_d.1.weight
 |  0.000 |  0.000 |  0.000 |  0.000 || KD.c1_d.1.bias
 | -0.001 | -0.074 |  0.080 |  0.025 || KD.c1_r.0.weight
 |  0.000 |  0.000 |  0.000 |  0.000 || KD.c1_r.0.bias
 | -0.000 | -0.075 |  0.084 |  0.025 || KD.c1_r.1.weight
 |  0.000 |  0.000 |  0.000 |  0.000 || KD.c1_r.1.bias
 |  0.000 | -0.052 |  0.061 |  0.025 || KD.c2_d.0.weight
 |  0.000 |  0.000 |  0.000 |  0.000 || KD.c2_d.0.bias
 |  0.000 | -0.070 |  0.093 |  0.025 || KD.c2_d.1.weight
 |  0.000 |  0.000 |  0.000 |  0.000 || KD.c2_d.1.bias
 |  0.000 | -0.070 |  0.063 |  0.025 || KD.c2_r.0.weight
 |  0.000 |  0.000 |  0.000 |  0.000 || KD.c2_r.0.bias
 | -0.001 | -0.083 |  0.096 |  0.025 || KD.c2_r.1.weight
 |  0.000 |  0.000 |  0.000 |  0.000 || KD.c2_r.1.bias
 |  0.003 | -0.067 |  0.050 |  0.025 || KD.c3_d.0.weight
 |  0.000 |  0.000 |  0.000 |  0.000 || KD.c3_d.0.bias
 | -0.001 | -0.084 |  0.083 |  0.025 || KD.c3_d.1.weight
 |  0.000 |  0.000 |  0.000 |  0.000 || KD.c3_d.1.bias
 |  0.000 | -0.065 |  0.081 |  0.025 || KD.c3_r.0.weight
 |  0.000 |  0.000 |  0.000 |  0.000 || KD.c3_r.0.bias
 | -0.000 | -0.091 |  0.082 |  0.025 || KD.c3_r.1.weight
 |  0.000 |  0.000 |  0.000 |  0.000 || KD.c3_r.1.bias
 | -0.002 | -0.087 |  0.072 |  0.025 || KD.c4.0.weight
 |  0.000 |  0.000 |  0.000 |  0.000 || KD.c4.0.bias
 |  0.000 | -0.100 |  0.083 |  0.025 || KD.c4.1.weight
 |  0.000 |  0.000 |  0.000 |  0.000 || KD.c4.1.bias
 | -0.001 | -0.055 |  0.054 |  0.018 || KD.c5.0.weight
 |  0.000 |  0.000 |  0.000 |  0.000 || KD.c5.0.bias
 |  0.000 | -0.068 |  0.066 |  0.018 || KD.c5.1.weight
 |  0.000 |  0.000 |  0.000 |  0.000 || KD.c5.1.bias
 | -0.000 | -0.068 |  0.060 |  0.025 || KD.esa.conv1.0.weight
 |  0.000 |  0.000 |  0.000 |  0.000 || KD.esa.conv1.0.bias
 |  0.001 | -0.071 |  0.074 |  0.025 || KD.esa.conv1.1.weight
 |  0.000 |  0.000 |  0.000 |  0.000 || KD.esa.conv1.1.bias
 | -0.009 | -0.127 |  0.065 |  0.051 || KD.esa.conv_f.0.weight
 |  0.000 |  0.000 |  0.000 |  0.000 || KD.esa.conv_f.0.bias
 | -0.003 | -0.118 |  0.132 |  0.050 || KD.esa.conv_f.1.weight
 |  0.000 |  0.000 |  0.000 |  0.000 || KD.esa.conv_f.1.bias
 | -0.005 | -0.128 |  0.125 |  0.050 || KD.esa.conv_max.0.weight
 |  0.000 |  0.000 |  0.000 |  0.000 || KD.esa.conv_max.0.bias
 |  0.002 | -0.150 |  0.142 |  0.050 || KD.esa.conv_max.1.weight
 |  0.000 |  0.000 |  0.000 |  0.000 || KD.esa.conv_max.1.bias
 | -0.010 | -0.147 |  0.129 |  0.049 || KD.esa.conv2.0.weight
 |  0.000 |  0.000 |  0.000 |  0.000 || KD.esa.conv2.0.bias
 | -0.002 | -0.118 |  0.130 |  0.050 || KD.esa.conv2.1.weight
 |  0.000 |  0.000 |  0.000 |  0.000 || KD.esa.conv2.1.bias
 |  0.002 | -0.122 |  0.105 |  0.050 || KD.esa.conv3.0.weight
 |  0.000 |  0.000 |  0.000 |  0.000 || KD.esa.conv3.0.bias
 | -0.005 | -0.146 |  0.123 |  0.050 || KD.esa.conv3.1.weight
 |  0.000 |  0.000 |  0.000 |  0.000 || KD.esa.conv3.1.bias
 |  0.007 | -0.100 |  0.120 |  0.050 || KD.esa.conv3_.0.weight
 |  0.000 |  0.000 |  0.000 |  0.000 || KD.esa.conv3_.0.bias
 |  0.005 | -0.119 |  0.129 |  0.050 || KD.esa.conv3_.1.weight
 |  0.000 |  0.000 |  0.000 |  0.000 || KD.esa.conv3_.1.bias
 |  0.011 | -0.099 |  0.088 |  0.050 || KD.esa.conv4.0.weight
 |  0.000 |  0.000 |  0.000 |  0.000 || KD.esa.conv4.0.bias
 | -0.000 | -0.079 |  0.082 |  0.025 || KD.esa.conv4.1.weight
 |  0.000 |  0.000 |  0.000 |  0.000 || KD.esa.conv4.1.bias
 | -0.001 | -0.096 |  0.075 |  0.025 || head.weight
 |  0.000 |  0.000 |  0.000 |  0.000 || head.bias
 |  0.001 | -0.064 |  0.087 |  0.025 || body.sub.0.res.0.weight
 |  0.000 |  0.000 |  0.000 |  0.000 || body.sub.0.res.0.bias
 | -0.000 | -0.087 |  0.084 |  0.025 || body.sub.0.res.1.weight
 |  0.000 |  0.000 |  0.000 |  0.000 || body.sub.0.res.1.bias
 |  0.000 | -0.065 |  0.080 |  0.025 || body.sub.0.res.3.weight
 |  0.000 |  0.000 |  0.000 |  0.000 || body.sub.0.res.3.bias
 |  0.001 | -0.082 |  0.091 |  0.025 || body.sub.0.res.4.weight
 |  0.000 |  0.000 |  0.000 |  0.000 || body.sub.0.res.4.bias
 |  0.000 | -0.069 |  0.068 |  0.025 || body.sub.1.res.0.weight
 |  0.000 |  0.000 |  0.000 |  0.000 || body.sub.1.res.0.bias
 | -0.000 | -0.087 |  0.079 |  0.025 || body.sub.1.res.1.weight
 |  0.000 |  0.000 |  0.000 |  0.000 || body.sub.1.res.1.bias
 |  0.001 | -0.074 |  0.068 |  0.025 || body.sub.1.res.3.weight
 |  0.000 |  0.000 |  0.000 |  0.000 || body.sub.1.res.3.bias
 |  0.000 | -0.083 |  0.077 |  0.025 || body.sub.1.res.4.weight
 |  0.000 |  0.000 |  0.000 |  0.000 || body.sub.1.res.4.bias
 |  0.002 | -0.068 |  0.096 |  0.025 || body.sub.2.res.0.weight
 |  0.000 |  0.000 |  0.000 |  0.000 || body.sub.2.res.0.bias
 | -0.000 | -0.088 |  0.087 |  0.025 || body.sub.2.res.1.weight
 |  0.000 |  0.000 |  0.000 |  0.000 || body.sub.2.res.1.bias
 |  0.001 | -0.064 |  0.067 |  0.025 || body.sub.2.res.3.weight
 |  0.000 |  0.000 |  0.000 |  0.000 || body.sub.2.res.3.bias
 |  0.000 | -0.081 |  0.082 |  0.025 || body.sub.2.res.4.weight
 |  0.000 |  0.000 |  0.000 |  0.000 || body.sub.2.res.4.bias
 |  0.001 | -0.073 |  0.073 |  0.025 || body.sub.3.res.0.weight
 |  0.000 |  0.000 |  0.000 |  0.000 || body.sub.3.res.0.bias
 | -0.000 | -0.088 |  0.087 |  0.025 || body.sub.3.res.1.weight
 |  0.000 |  0.000 |  0.000 |  0.000 || body.sub.3.res.1.bias
 |  0.001 | -0.074 |  0.076 |  0.025 || body.sub.3.res.3.weight
 |  0.000 |  0.000 |  0.000 |  0.000 || body.sub.3.res.3.bias
 | -0.000 | -0.082 |  0.102 |  0.025 || body.sub.3.res.4.weight
 |  0.000 |  0.000 |  0.000 |  0.000 || body.sub.3.res.4.bias
 | -0.001 | -0.084 |  0.086 |  0.025 || body.sub.4.res.0.weight
 |  0.000 |  0.000 |  0.000 |  0.000 || body.sub.4.res.0.bias
 | -0.000 | -0.083 |  0.087 |  0.025 || body.sub.4.res.1.weight
 |  0.000 |  0.000 |  0.000 |  0.000 || body.sub.4.res.1.bias
 |  0.001 | -0.075 |  0.072 |  0.025 || body.sub.4.res.3.weight
 |  0.000 |  0.000 |  0.000 |  0.000 || body.sub.4.res.3.bias
 |  0.000 | -0.089 |  0.092 |  0.025 || body.sub.4.res.4.weight
 |  0.000 |  0.000 |  0.000 |  0.000 || body.sub.4.res.4.bias
 |  0.001 | -0.104 |  0.081 |  0.025 || body.sub.5.res.0.weight
 |  0.000 |  0.000 |  0.000 |  0.000 || body.sub.5.res.0.bias
 | -0.000 | -0.078 |  0.098 |  0.025 || body.sub.5.res.1.weight
 |  0.000 |  0.000 |  0.000 |  0.000 || body.sub.5.res.1.bias
 | -0.001 | -0.077 |  0.083 |  0.025 || body.sub.5.res.3.weight
 |  0.000 |  0.000 |  0.000 |  0.000 || body.sub.5.res.3.bias
 |  0.000 | -0.096 |  0.097 |  0.025 || body.sub.5.res.4.weight
 |  0.000 |  0.000 |  0.000 |  0.000 || body.sub.5.res.4.bias
 |  0.000 | -0.070 |  0.079 |  0.025 || body.sub.6.res.0.weight
 |  0.000 |  0.000 |  0.000 |  0.000 || body.sub.6.res.0.bias
 | -0.000 | -0.081 |  0.076 |  0.025 || body.sub.6.res.1.weight
 |  0.000 |  0.000 |  0.000 |  0.000 || body.sub.6.res.1.bias
 |  0.002 | -0.078 |  0.082 |  0.025 || body.sub.6.res.3.weight
 |  0.000 |  0.000 |  0.000 |  0.000 || body.sub.6.res.3.bias
 | -0.001 | -0.082 |  0.080 |  0.025 || body.sub.6.res.4.weight
 |  0.000 |  0.000 |  0.000 |  0.000 || body.sub.6.res.4.bias
 | -0.000 | -0.082 |  0.069 |  0.025 || body.sub.7.res.0.weight
 |  0.000 |  0.000 |  0.000 |  0.000 || body.sub.7.res.0.bias
 | -0.000 | -0.083 |  0.102 |  0.025 || body.sub.7.res.1.weight
 |  0.000 |  0.000 |  0.000 |  0.000 || body.sub.7.res.1.bias
 |  0.001 | -0.068 |  0.079 |  0.025 || body.sub.7.res.3.weight
 |  0.000 |  0.000 |  0.000 |  0.000 || body.sub.7.res.3.bias
 | -0.000 | -0.088 |  0.098 |  0.025 || body.sub.7.res.4.weight
 |  0.000 |  0.000 |  0.000 |  0.000 || body.sub.7.res.4.bias
 |  0.001 | -0.070 |  0.074 |  0.025 || body.sub.8.res.0.weight
 |  0.000 |  0.000 |  0.000 |  0.000 || body.sub.8.res.0.bias
 | -0.000 | -0.086 |  0.080 |  0.025 || body.sub.8.res.1.weight
 |  0.000 |  0.000 |  0.000 |  0.000 || body.sub.8.res.1.bias
 |  0.002 | -0.072 |  0.067 |  0.025 || body.sub.8.res.3.weight
 |  0.000 |  0.000 |  0.000 |  0.000 || body.sub.8.res.3.bias
 | -0.000 | -0.084 |  0.084 |  0.025 || body.sub.8.res.4.weight
 |  0.000 |  0.000 |  0.000 |  0.000 || body.sub.8.res.4.bias
 | -0.000 | -0.081 |  0.078 |  0.025 || body.sub.9.res.0.weight
 |  0.000 |  0.000 |  0.000 |  0.000 || body.sub.9.res.0.bias
 |  0.001 | -0.085 |  0.114 |  0.025 || body.sub.9.res.1.weight
 |  0.000 |  0.000 |  0.000 |  0.000 || body.sub.9.res.1.bias
 | -0.000 | -0.068 |  0.080 |  0.025 || body.sub.9.res.3.weight
 |  0.000 |  0.000 |  0.000 |  0.000 || body.sub.9.res.3.bias
 | -0.000 | -0.086 |  0.094 |  0.025 || body.sub.9.res.4.weight
 |  0.000 |  0.000 |  0.000 |  0.000 || body.sub.9.res.4.bias
 | -0.001 | -0.074 |  0.064 |  0.025 || body.sub.10.res.0.weight
 |  0.000 |  0.000 |  0.000 |  0.000 || body.sub.10.res.0.bias
 |  0.000 | -0.083 |  0.085 |  0.025 || body.sub.10.res.1.weight
 |  0.000 |  0.000 |  0.000 |  0.000 || body.sub.10.res.1.bias
 |  0.001 | -0.089 |  0.073 |  0.025 || body.sub.10.res.3.weight
 |  0.000 |  0.000 |  0.000 |  0.000 || body.sub.10.res.3.bias
 |  0.000 | -0.079 |  0.086 |  0.025 || body.sub.10.res.4.weight
 |  0.000 |  0.000 |  0.000 |  0.000 || body.sub.10.res.4.bias
 |  0.000 | -0.072 |  0.064 |  0.025 || body.sub.11.res.0.weight
 |  0.000 |  0.000 |  0.000 |  0.000 || body.sub.11.res.0.bias
 | -0.000 | -0.086 |  0.092 |  0.025 || body.sub.11.res.1.weight
 |  0.000 |  0.000 |  0.000 |  0.000 || body.sub.11.res.1.bias
 |  0.001 | -0.069 |  0.075 |  0.025 || body.sub.11.res.3.weight
 |  0.000 |  0.000 |  0.000 |  0.000 || body.sub.11.res.3.bias
 | -0.000 | -0.086 |  0.088 |  0.025 || body.sub.11.res.4.weight
 |  0.000 |  0.000 |  0.000 |  0.000 || body.sub.11.res.4.bias
 |  0.001 | -0.075 |  0.067 |  0.025 || body.sub.12.res.0.weight
 |  0.000 |  0.000 |  0.000 |  0.000 || body.sub.12.res.0.bias
 | -0.000 | -0.085 |  0.086 |  0.025 || body.sub.12.res.1.weight
 |  0.000 |  0.000 |  0.000 |  0.000 || body.sub.12.res.1.bias
 |  0.000 | -0.088 |  0.070 |  0.025 || body.sub.12.res.3.weight
 |  0.000 |  0.000 |  0.000 |  0.000 || body.sub.12.res.3.bias
 | -0.000 | -0.102 |  0.100 |  0.025 || body.sub.12.res.4.weight
 |  0.000 |  0.000 |  0.000 |  0.000 || body.sub.12.res.4.bias
 | -0.003 | -0.086 |  0.070 |  0.025 || body.sub.13.res.0.weight
 |  0.000 |  0.000 |  0.000 |  0.000 || body.sub.13.res.0.bias
 |  0.001 | -0.082 |  0.085 |  0.025 || body.sub.13.res.1.weight
 |  0.000 |  0.000 |  0.000 |  0.000 || body.sub.13.res.1.bias
 |  0.000 | -0.070 |  0.074 |  0.025 || body.sub.13.res.3.weight
 |  0.000 |  0.000 |  0.000 |  0.000 || body.sub.13.res.3.bias
 |  0.001 | -0.089 |  0.084 |  0.025 || body.sub.13.res.4.weight
 |  0.000 |  0.000 |  0.000 |  0.000 || body.sub.13.res.4.bias
 | -0.001 | -0.069 |  0.067 |  0.025 || body.sub.14.res.0.weight
 |  0.000 |  0.000 |  0.000 |  0.000 || body.sub.14.res.0.bias
 | -0.000 | -0.081 |  0.097 |  0.025 || body.sub.14.res.1.weight
 |  0.000 |  0.000 |  0.000 |  0.000 || body.sub.14.res.1.bias
 | -0.000 | -0.072 |  0.073 |  0.025 || body.sub.14.res.3.weight
 |  0.000 |  0.000 |  0.000 |  0.000 || body.sub.14.res.3.bias
 | -0.001 | -0.088 |  0.078 |  0.025 || body.sub.14.res.4.weight
 |  0.000 |  0.000 |  0.000 |  0.000 || body.sub.14.res.4.bias
 | -0.000 | -0.075 |  0.092 |  0.025 || body.sub.15.res.0.weight
 |  0.000 |  0.000 |  0.000 |  0.000 || body.sub.15.res.0.bias
 | -0.001 | -0.092 |  0.085 |  0.025 || body.sub.15.res.1.weight
 |  0.000 |  0.000 |  0.000 |  0.000 || body.sub.15.res.1.bias
 |  0.002 | -0.075 |  0.069 |  0.025 || body.sub.15.res.3.weight
 |  0.000 |  0.000 |  0.000 |  0.000 || body.sub.15.res.3.bias
 | -0.000 | -0.086 |  0.076 |  0.025 || body.sub.15.res.4.weight
 |  0.000 |  0.000 |  0.000 |  0.000 || body.sub.15.res.4.bias
 | -0.000 | -0.034 |  0.033 |  0.008 || body.sub.16.weight
 |  0.000 |  0.000 |  0.000 |  0.000 || body.sub.16.bias
 | -0.000 | -0.033 |  0.035 |  0.008 || tail.1.weight
 |  0.000 |  0.000 |  0.000 |  0.000 || tail.1.bias
 | -0.000 | -0.037 |  0.038 |  0.008 || tail.3.weight
 |  0.000 |  0.000 |  0.000 |  0.000 || tail.3.bias
 | -0.000 | -0.030 |  0.028 |  0.008 || tail.5.weight
 | -0.000 | -0.060 |  0.064 |  0.018 || copress.weight
 |  0.000 |  0.000 |  0.000 |  0.000 || copress.bias

25-10-19 02:21:07.742 : <epoch:  9, iter:     200, lr:1.000e-04> G_loss: 2.481e-03 F_loss: 1.318e+00 D_loss: 4.177e-02 l_d_real: 2.356e-04 l_d_fake: 2.354e-04 D_real: 4.492e+00 D_fake: -3.863e+00 
25-10-19 02:22:01.280 : <epoch: 19, iter:     400, lr:1.000e-04> G_loss: 2.601e-03 F_loss: 1.316e+00 D_loss: 4.758e-02 l_d_real: 7.377e-05 l_d_fake: 7.388e-05 D_real: 5.172e+00 D_fake: -4.344e+00 
25-10-19 02:22:50.635 : <epoch: 28, iter:     600, lr:1.000e-04> G_loss: 1.927e-03 F_loss: 1.211e+00 D_loss: 5.146e-02 l_d_real: 3.396e-05 l_d_fake: 3.397e-05 D_real: 5.621e+00 D_fake: -4.670e+00 
25-10-19 02:23:42.949 : <epoch: 38, iter:     800, lr:1.000e-04> G_loss: 1.937e-03 F_loss: 1.238e+00 D_loss: 5.434e-02 l_d_real: 1.909e-05 l_d_fake: 1.910e-05 D_real: 5.956e+00 D_fake: -4.912e+00 
25-10-19 02:24:29.815 :   task: 0529msrresnet_gan_kd_x2_s4_for nc128 le-4 IR 20000
  model: gan
  gpu_ids: [0]
  scale: 2
  n_channels: 1
  sigma: [0, 50]
  sigma_test: 0
  merge_bn: False
  merge_bn_startpoint: 400000
  path:[
    root: superresolution
    pretrained_netG: None
    pretrained_netD: None
    task: superresolution/0529msrresnet_gan_kd_x2_s4_for nc128 le-4 IR 20000
    log: superresolution/0529msrresnet_gan_kd_x2_s4_for nc128 le-4 IR 20000
    options: superresolution/0529msrresnet_gan_kd_x2_s4_for nc128 le-4 IR 20000/options
    models: superresolution/0529msrresnet_gan_kd_x2_s4_for nc128 le-4 IR 20000/models
    images: superresolution/0529msrresnet_gan_kd_x2_s4_for nc128 le-4 IR 20000/images
  ]
  datasets:[
    train:[
      name: train_dataset
      dataset_type: sr
      dataroot_H: /home/pamasi/deep_learning/ir/dataset_sr/dataset_CIDIS_sisr_x8/thermal/train/GT
      dataroot_L: /home/pamasi/deep_learning/ir/dataset_sr/dataset_CIDIS_sisr_x8/thermal/train/LR_x8
      H_size: 96
      dataloader_shuffle: True
      dataloader_num_workers: 8
      dataloader_batch_size: 32
      phase: train
      scale: 2
      n_channels: 1
    ]
    test:[
      name: test_dataset
      dataset_type: sr
      dataroot_H: /home/pamasi/deep_learning/ir/dataset_sr/dataset_CIDIS_sisr_x8/thermal/val/GT
      dataroot_L: /home/pamasi/deep_learning/ir/dataset_sr/dataset_CIDIS_sisr_x8/thermal/val/LR_x8
      phase: test
      scale: 2
      n_channels: 1
    ]
  ]
  netG:[
    net_type: msrresnet0
    en_net_type: D_msrresnet0
    enhance: no_enhance
    in_nc: 1
    out_nc: 3
    nc: 64
    nb: 16
    gc: 32
    ng: 2
    reduction: 16
    act_mode: R
    upsample_mode: upconv
    downsample_mode: strideconv
    init_type: orthogonal
    init_bn_type: uniform
    init_gain: 0.2
    scale: 2
  ]
  netD:[
    net_type: discriminator_vgg_96
    in_nc: 3
    act_mode: BL
    base_nc: 64
    init_type: orthogonal
    init_bn_type: uniform
    init_gain: 0.2
  ]
  train:[
    G_lossfn_type: l1
    G_lossfn_weight: 0.01
    F_lossfn_type: l1
    F_lossfn_weight: 1
    gan_type: ragan
    D_lossfn_weight: 0.005
    D_init_iters: 0
    G_optimizer_type: adam
    G_optimizer_lr: 0.0001
    G_optimizer_wd: 0
    D_optimizer_type: adam
    D_optimizer_lr: 0.0001
    D_optimizer_wd: 0
    G_scheduler_type: MultiStepLR
    G_scheduler_milestones: [100000, 200000, 1200000, 2000000]
    G_scheduler_gamma: 0.5
    D_scheduler_type: MultiStepLR
    D_scheduler_milestones: [100000, 200000, 1200000, 2000000]
    D_scheduler_gamma: 0.5
    checkpoint_test: 5000
    checkpoint_save: 5000
    checkpoint_print: 200
  ]
  opt_path: options/train_kdsrgan.json
  is_train: True

25-10-19 02:24:29.815 : Random seed: 1768
25-10-19 02:24:29.821 : Number of train images: 700, iters: 22
25-10-19 02:24:35.280 : 
Networks name: D_msrresnet0
Params number: 311584
Net structure:
D_msrresnet0(
  (KD): KDB(
    (c1_d): Sequential(
      (0): Conv2d(64, 64, kernel_size=(1, 1), stride=(1, 1), groups=64)
      (1): Conv2d(64, 32, kernel_size=(1, 1), stride=(1, 1))
    )
    (c1_r): Sequential(
      (0): Conv2d(64, 64, kernel_size=(3, 3), stride=(1, 1), padding=(1, 1), groups=64)
      (1): Conv2d(64, 64, kernel_size=(1, 1), stride=(1, 1))
    )
    (c2_d): Sequential(
      (0): Conv2d(64, 64, kernel_size=(1, 1), stride=(1, 1), groups=64)
      (1): Conv2d(64, 32, kernel_size=(1, 1), stride=(1, 1))
    )
    (c2_r): Sequential(
      (0): Conv2d(64, 64, kernel_size=(3, 3), stride=(1, 1), padding=(1, 1), groups=64)
      (1): Conv2d(64, 64, kernel_size=(1, 1), stride=(1, 1))
    )
    (c3_d): Sequential(
      (0): Conv2d(64, 64, kernel_size=(1, 1), stride=(1, 1), groups=64)
      (1): Conv2d(64, 32, kernel_size=(1, 1), stride=(1, 1))
    )
    (c3_r): Sequential(
      (0): Conv2d(64, 64, kernel_size=(3, 3), stride=(1, 1), padding=(1, 1), groups=64)
      (1): Conv2d(64, 64, kernel_size=(1, 1), stride=(1, 1))
    )
    (c4): Sequential(
      (0): Conv2d(64, 64, kernel_size=(3, 3), stride=(1, 1), padding=(1, 1), groups=64)
      (1): Conv2d(64, 32, kernel_size=(1, 1), stride=(1, 1))
    )
    (act): LeakyReLU(negative_slope=0.05, inplace=True)
    (c5): Sequential(
      (0): Conv2d(128, 128, kernel_size=(1, 1), stride=(1, 1), groups=128)
      (1): Conv2d(128, 64, kernel_size=(1, 1), stride=(1, 1))
    )
    (esa): ESA(
      (conv1): Sequential(
        (0): Conv2d(64, 64, kernel_size=(1, 1), stride=(1, 1), groups=64)
        (1): Conv2d(64, 16, kernel_size=(1, 1), stride=(1, 1))
      )
      (conv_f): Sequential(
        (0): Conv2d(16, 16, kernel_size=(1, 1), stride=(1, 1), groups=16)
        (1): Conv2d(16, 16, kernel_size=(1, 1), stride=(1, 1))
      )
      (conv_max): Sequential(
        (0): Conv2d(16, 16, kernel_size=(3, 3), stride=(1, 1), padding=(1, 1), groups=16)
        (1): Conv2d(16, 16, kernel_size=(1, 1), stride=(1, 1))
      )
      (conv2): Sequential(
        (0): Conv2d(16, 16, kernel_size=(3, 3), stride=(2, 2), padding=(1, 1), groups=16)
        (1): Conv2d(16, 16, kernel_size=(1, 1), stride=(1, 1))
      )
      (conv3): Sequential(
        (0): Conv2d(16, 16, kernel_size=(3, 3), stride=(1, 1), padding=(1, 1), groups=16)
        (1): Conv2d(16, 16, kernel_size=(1, 1), stride=(1, 1))
      )
      (conv3_): Sequential(
        (0): Conv2d(16, 16, kernel_size=(3, 3), stride=(1, 1), padding=(1, 1), groups=16)
        (1): Conv2d(16, 16, kernel_size=(1, 1), stride=(1, 1))
      )
      (conv4): Sequential(
        (0): Conv2d(16, 16, kernel_size=(1, 1), stride=(1, 1), groups=16)
        (1): Conv2d(16, 64, kernel_size=(1, 1), stride=(1, 1))
      )
      (sigmoid): Sigmoid()
      (relu): ReLU(inplace=True)
    )
  )
  (head): Conv2d(1, 64, kernel_size=(3, 3), stride=(1, 1), padding=(1, 1))
  (body): Identity + 
  |Sequential(
  |  (0): ResBlock(
  |    (res): Sequential(
  |      (0): Conv2d(64, 64, kernel_size=(3, 3), stride=(1, 1), padding=(1, 1), groups=64)
  |      (1): Conv2d(64, 64, kernel_size=(1, 1), stride=(1, 1))
  |      (2): ReLU(inplace=True)
  |      (3): Conv2d(64, 64, kernel_size=(3, 3), stride=(1, 1), padding=(1, 1), groups=64)
  |      (4): Conv2d(64, 64, kernel_size=(1, 1), stride=(1, 1))
  |    )
  |  )
  |  (1): ResBlock(
  |    (res): Sequential(
  |      (0): Conv2d(64, 64, kernel_size=(3, 3), stride=(1, 1), padding=(1, 1), groups=64)
  |      (1): Conv2d(64, 64, kernel_size=(1, 1), stride=(1, 1))
  |      (2): ReLU(inplace=True)
  |      (3): Conv2d(64, 64, kernel_size=(3, 3), stride=(1, 1), padding=(1, 1), groups=64)
  |      (4): Conv2d(64, 64, kernel_size=(1, 1), stride=(1, 1))
  |    )
  |  )
  |  (2): ResBlock(
  |    (res): Sequential(
  |      (0): Conv2d(64, 64, kernel_size=(3, 3), stride=(1, 1), padding=(1, 1), groups=64)
  |      (1): Conv2d(64, 64, kernel_size=(1, 1), stride=(1, 1))
  |      (2): ReLU(inplace=True)
  |      (3): Conv2d(64, 64, kernel_size=(3, 3), stride=(1, 1), padding=(1, 1), groups=64)
  |      (4): Conv2d(64, 64, kernel_size=(1, 1), stride=(1, 1))
  |    )
  |  )
  |  (3): ResBlock(
  |    (res): Sequential(
  |      (0): Conv2d(64, 64, kernel_size=(3, 3), stride=(1, 1), padding=(1, 1), groups=64)
  |      (1): Conv2d(64, 64, kernel_size=(1, 1), stride=(1, 1))
  |      (2): ReLU(inplace=True)
  |      (3): Conv2d(64, 64, kernel_size=(3, 3), stride=(1, 1), padding=(1, 1), groups=64)
  |      (4): Conv2d(64, 64, kernel_size=(1, 1), stride=(1, 1))
  |    )
  |  )
  |  (4): ResBlock(
  |    (res): Sequential(
  |      (0): Conv2d(64, 64, kernel_size=(3, 3), stride=(1, 1), padding=(1, 1), groups=64)
  |      (1): Conv2d(64, 64, kernel_size=(1, 1), stride=(1, 1))
  |      (2): ReLU(inplace=True)
  |      (3): Conv2d(64, 64, kernel_size=(3, 3), stride=(1, 1), padding=(1, 1), groups=64)
  |      (4): Conv2d(64, 64, kernel_size=(1, 1), stride=(1, 1))
  |    )
  |  )
  |  (5): ResBlock(
  |    (res): Sequential(
  |      (0): Conv2d(64, 64, kernel_size=(3, 3), stride=(1, 1), padding=(1, 1), groups=64)
  |      (1): Conv2d(64, 64, kernel_size=(1, 1), stride=(1, 1))
  |      (2): ReLU(inplace=True)
  |      (3): Conv2d(64, 64, kernel_size=(3, 3), stride=(1, 1), padding=(1, 1), groups=64)
  |      (4): Conv2d(64, 64, kernel_size=(1, 1), stride=(1, 1))
  |    )
  |  )
  |  (6): ResBlock(
  |    (res): Sequential(
  |      (0): Conv2d(64, 64, kernel_size=(3, 3), stride=(1, 1), padding=(1, 1), groups=64)
  |      (1): Conv2d(64, 64, kernel_size=(1, 1), stride=(1, 1))
  |      (2): ReLU(inplace=True)
  |      (3): Conv2d(64, 64, kernel_size=(3, 3), stride=(1, 1), padding=(1, 1), groups=64)
  |      (4): Conv2d(64, 64, kernel_size=(1, 1), stride=(1, 1))
  |    )
  |  )
  |  (7): ResBlock(
  |    (res): Sequential(
  |      (0): Conv2d(64, 64, kernel_size=(3, 3), stride=(1, 1), padding=(1, 1), groups=64)
  |      (1): Conv2d(64, 64, kernel_size=(1, 1), stride=(1, 1))
  |      (2): ReLU(inplace=True)
  |      (3): Conv2d(64, 64, kernel_size=(3, 3), stride=(1, 1), padding=(1, 1), groups=64)
  |      (4): Conv2d(64, 64, kernel_size=(1, 1), stride=(1, 1))
  |    )
  |  )
  |  (8): ResBlock(
  |    (res): Sequential(
  |      (0): Conv2d(64, 64, kernel_size=(3, 3), stride=(1, 1), padding=(1, 1), groups=64)
  |      (1): Conv2d(64, 64, kernel_size=(1, 1), stride=(1, 1))
  |      (2): ReLU(inplace=True)
  |      (3): Conv2d(64, 64, kernel_size=(3, 3), stride=(1, 1), padding=(1, 1), groups=64)
  |      (4): Conv2d(64, 64, kernel_size=(1, 1), stride=(1, 1))
  |    )
  |  )
  |  (9): ResBlock(
  |    (res): Sequential(
  |      (0): Conv2d(64, 64, kernel_size=(3, 3), stride=(1, 1), padding=(1, 1), groups=64)
  |      (1): Conv2d(64, 64, kernel_size=(1, 1), stride=(1, 1))
  |      (2): ReLU(inplace=True)
  |      (3): Conv2d(64, 64, kernel_size=(3, 3), stride=(1, 1), padding=(1, 1), groups=64)
  |      (4): Conv2d(64, 64, kernel_size=(1, 1), stride=(1, 1))
  |    )
  |  )
  |  (10): ResBlock(
  |    (res): Sequential(
  |      (0): Conv2d(64, 64, kernel_size=(3, 3), stride=(1, 1), padding=(1, 1), groups=64)
  |      (1): Conv2d(64, 64, kernel_size=(1, 1), stride=(1, 1))
  |      (2): ReLU(inplace=True)
  |      (3): Conv2d(64, 64, kernel_size=(3, 3), stride=(1, 1), padding=(1, 1), groups=64)
  |      (4): Conv2d(64, 64, kernel_size=(1, 1), stride=(1, 1))
  |    )
  |  )
  |  (11): ResBlock(
  |    (res): Sequential(
  |      (0): Conv2d(64, 64, kernel_size=(3, 3), stride=(1, 1), padding=(1, 1), groups=64)
  |      (1): Conv2d(64, 64, kernel_size=(1, 1), stride=(1, 1))
  |      (2): ReLU(inplace=True)
  |      (3): Conv2d(64, 64, kernel_size=(3, 3), stride=(1, 1), padding=(1, 1), groups=64)
  |      (4): Conv2d(64, 64, kernel_size=(1, 1), stride=(1, 1))
  |    )
  |  )
  |  (12): ResBlock(
  |    (res): Sequential(
  |      (0): Conv2d(64, 64, kernel_size=(3, 3), stride=(1, 1), padding=(1, 1), groups=64)
  |      (1): Conv2d(64, 64, kernel_size=(1, 1), stride=(1, 1))
  |      (2): ReLU(inplace=True)
  |      (3): Conv2d(64, 64, kernel_size=(3, 3), stride=(1, 1), padding=(1, 1), groups=64)
  |      (4): Conv2d(64, 64, kernel_size=(1, 1), stride=(1, 1))
  |    )
  |  )
  |  (13): ResBlock(
  |    (res): Sequential(
  |      (0): Conv2d(64, 64, kernel_size=(3, 3), stride=(1, 1), padding=(1, 1), groups=64)
  |      (1): Conv2d(64, 64, kernel_size=(1, 1), stride=(1, 1))
  |      (2): ReLU(inplace=True)
  |      (3): Conv2d(64, 64, kernel_size=(3, 3), stride=(1, 1), padding=(1, 1), groups=64)
  |      (4): Conv2d(64, 64, kernel_size=(1, 1), stride=(1, 1))
  |    )
  |  )
  |  (14): ResBlock(
  |    (res): Sequential(
  |      (0): Conv2d(64, 64, kernel_size=(3, 3), stride=(1, 1), padding=(1, 1), groups=64)
  |      (1): Conv2d(64, 64, kernel_size=(1, 1), stride=(1, 1))
  |      (2): ReLU(inplace=True)
  |      (3): Conv2d(64, 64, kernel_size=(3, 3), stride=(1, 1), padding=(1, 1), groups=64)
  |      (4): Conv2d(64, 64, kernel_size=(1, 1), stride=(1, 1))
  |    )
  |  )
  |  (15): ResBlock(
  |    (res): Sequential(
  |      (0): Conv2d(64, 64, kernel_size=(3, 3), stride=(1, 1), padding=(1, 1), groups=64)
  |      (1): Conv2d(64, 64, kernel_size=(1, 1), stride=(1, 1))
  |      (2): ReLU(inplace=True)
  |      (3): Conv2d(64, 64, kernel_size=(3, 3), stride=(1, 1), padding=(1, 1), groups=64)
  |      (4): Conv2d(64, 64, kernel_size=(1, 1), stride=(1, 1))
  |    )
  |  )
  |  (16): Conv2d(64, 64, kernel_size=(3, 3), stride=(1, 1), padding=(1, 1))
  |)
  (tail): Sequential(
    (0): Upsample(scale_factor=2.0, mode='nearest')
    (1): Conv2d(64, 64, kernel_size=(3, 3), stride=(1, 1), padding=(1, 1))
    (2): ReLU(inplace=True)
    (3): Conv2d(64, 64, kernel_size=(3, 3), stride=(1, 1), padding=(1, 1))
    (4): ReLU(inplace=True)
    (5): Conv2d(64, 3, kernel_size=(3, 3), stride=(1, 1), padding=(1, 1), bias=False)
  )
  (copress): Conv2d(128, 64, kernel_size=(1, 1), stride=(1, 1))
)

Networks name: Discriminator_VGG_96
Params number: 14143881
Net structure:
Discriminator_VGG_96(
  (features): Sequential(
    (0): Conv2d(3, 64, kernel_size=(3, 3), stride=(1, 1), padding=(1, 1))
    (1): Conv2d(64, 64, kernel_size=(4, 4), stride=(2, 2), padding=(1, 1))
    (2): BatchNorm2d(64, eps=0.0001, momentum=0.9, affine=True, track_running_stats=True)
    (3): LeakyReLU(negative_slope=0.2, inplace=True)
    (4): Conv2d(64, 128, kernel_size=(3, 3), stride=(1, 1), padding=(1, 1))
    (5): BatchNorm2d(128, eps=0.0001, momentum=0.9, affine=True, track_running_stats=True)
    (6): LeakyReLU(negative_slope=0.2, inplace=True)
    (7): Conv2d(128, 128, kernel_size=(4, 4), stride=(2, 2), padding=(1, 1))
    (8): BatchNorm2d(128, eps=0.0001, momentum=0.9, affine=True, track_running_stats=True)
    (9): LeakyReLU(negative_slope=0.2, inplace=True)
    (10): Conv2d(128, 256, kernel_size=(3, 3), stride=(1, 1), padding=(1, 1))
    (11): BatchNorm2d(256, eps=0.0001, momentum=0.9, affine=True, track_running_stats=True)
    (12): LeakyReLU(negative_slope=0.2, inplace=True)
    (13): Conv2d(256, 256, kernel_size=(4, 4), stride=(2, 2), padding=(1, 1))
    (14): BatchNorm2d(256, eps=0.0001, momentum=0.9, affine=True, track_running_stats=True)
    (15): LeakyReLU(negative_slope=0.2, inplace=True)
    (16): Conv2d(256, 512, kernel_size=(3, 3), stride=(1, 1), padding=(1, 1))
    (17): BatchNorm2d(512, eps=0.0001, momentum=0.9, affine=True, track_running_stats=True)
    (18): LeakyReLU(negative_slope=0.2, inplace=True)
    (19): Conv2d(512, 512, kernel_size=(4, 4), stride=(2, 2), padding=(1, 1))
    (20): BatchNorm2d(512, eps=0.0001, momentum=0.9, affine=True, track_running_stats=True)
    (21): LeakyReLU(negative_slope=0.2, inplace=True)
    (22): Conv2d(512, 512, kernel_size=(3, 3), stride=(1, 1), padding=(1, 1))
    (23): BatchNorm2d(512, eps=0.0001, momentum=0.9, affine=True, track_running_stats=True)
    (24): LeakyReLU(negative_slope=0.2, inplace=True)
    (25): Conv2d(512, 512, kernel_size=(4, 4), stride=(2, 2), padding=(1, 1))
    (26): BatchNorm2d(512, eps=0.0001, momentum=0.9, affine=True, track_running_stats=True)
    (27): LeakyReLU(negative_slope=0.2, inplace=True)
  )
  (classifier): Sequential(
    (0): Linear(in_features=4608, out_features=100, bias=True)
    (1): LeakyReLU(negative_slope=0.2, inplace=True)
    (2): Linear(in_features=100, out_features=1, bias=True)
  )
)

Networks name: VGGFeatureExtractor
Params number: 20024384
Net structure:
VGGFeatureExtractor(
  (features): Sequential(
    (0): Conv2d(3, 64, kernel_size=(3, 3), stride=(1, 1), padding=(1, 1))
    (1): ReLU(inplace=True)
    (2): Conv2d(64, 64, kernel_size=(3, 3), stride=(1, 1), padding=(1, 1))
    (3): ReLU(inplace=True)
    (4): MaxPool2d(kernel_size=2, stride=2, padding=0, dilation=1, ceil_mode=False)
    (5): Conv2d(64, 128, kernel_size=(3, 3), stride=(1, 1), padding=(1, 1))
    (6): ReLU(inplace=True)
    (7): Conv2d(128, 128, kernel_size=(3, 3), stride=(1, 1), padding=(1, 1))
    (8): ReLU(inplace=True)
    (9): MaxPool2d(kernel_size=2, stride=2, padding=0, dilation=1, ceil_mode=False)
    (10): Conv2d(128, 256, kernel_size=(3, 3), stride=(1, 1), padding=(1, 1))
    (11): ReLU(inplace=True)
    (12): Conv2d(256, 256, kernel_size=(3, 3), stride=(1, 1), padding=(1, 1))
    (13): ReLU(inplace=True)
    (14): Conv2d(256, 256, kernel_size=(3, 3), stride=(1, 1), padding=(1, 1))
    (15): ReLU(inplace=True)
    (16): Conv2d(256, 256, kernel_size=(3, 3), stride=(1, 1), padding=(1, 1))
    (17): ReLU(inplace=True)
    (18): MaxPool2d(kernel_size=2, stride=2, padding=0, dilation=1, ceil_mode=False)
    (19): Conv2d(256, 512, kernel_size=(3, 3), stride=(1, 1), padding=(1, 1))
    (20): ReLU(inplace=True)
    (21): Conv2d(512, 512, kernel_size=(3, 3), stride=(1, 1), padding=(1, 1))
    (22): ReLU(inplace=True)
    (23): Conv2d(512, 512, kernel_size=(3, 3), stride=(1, 1), padding=(1, 1))
    (24): ReLU(inplace=True)
    (25): Conv2d(512, 512, kernel_size=(3, 3), stride=(1, 1), padding=(1, 1))
    (26): ReLU(inplace=True)
    (27): MaxPool2d(kernel_size=2, stride=2, padding=0, dilation=1, ceil_mode=False)
    (28): Conv2d(512, 512, kernel_size=(3, 3), stride=(1, 1), padding=(1, 1))
    (29): ReLU(inplace=True)
    (30): Conv2d(512, 512, kernel_size=(3, 3), stride=(1, 1), padding=(1, 1))
    (31): ReLU(inplace=True)
    (32): Conv2d(512, 512, kernel_size=(3, 3), stride=(1, 1), padding=(1, 1))
    (33): ReLU(inplace=True)
    (34): Conv2d(512, 512, kernel_size=(3, 3), stride=(1, 1), padding=(1, 1))
  )
)

25-10-19 02:24:35.374 : 
 |  mean  |  min   |  max   |  std   || param_name          
 | -0.001 | -0.060 |  0.048 |  0.025 || KD.c1_d.0.weight
 |  0.000 |  0.000 |  0.000 |  0.000 || KD.c1_d.0.bias
 | -0.000 | -0.080 |  0.087 |  0.025 || KD.c1_d.1.weight
 |  0.000 |  0.000 |  0.000 |  0.000 || KD.c1_d.1.bias
 |  0.001 | -0.086 |  0.066 |  0.025 || KD.c1_r.0.weight
 |  0.000 |  0.000 |  0.000 |  0.000 || KD.c1_r.0.bias
 | -0.000 | -0.101 |  0.100 |  0.025 || KD.c1_r.1.weight
 |  0.000 |  0.000 |  0.000 |  0.000 || KD.c1_r.1.bias
 | -0.001 | -0.053 |  0.068 |  0.025 || KD.c2_d.0.weight
 |  0.000 |  0.000 |  0.000 |  0.000 || KD.c2_d.0.bias
 | -0.000 | -0.085 |  0.090 |  0.025 || KD.c2_d.1.weight
 |  0.000 |  0.000 |  0.000 |  0.000 || KD.c2_d.1.bias
 | -0.001 | -0.083 |  0.072 |  0.025 || KD.c2_r.0.weight
 |  0.000 |  0.000 |  0.000 |  0.000 || KD.c2_r.0.bias
 |  0.000 | -0.080 |  0.082 |  0.025 || KD.c2_r.1.weight
 |  0.000 |  0.000 |  0.000 |  0.000 || KD.c2_r.1.bias
 |  0.000 | -0.051 |  0.058 |  0.025 || KD.c3_d.0.weight
 |  0.000 |  0.000 |  0.000 |  0.000 || KD.c3_d.0.bias
 | -0.001 | -0.082 |  0.085 |  0.025 || KD.c3_d.1.weight
 |  0.000 |  0.000 |  0.000 |  0.000 || KD.c3_d.1.bias
 | -0.001 | -0.070 |  0.070 |  0.025 || KD.c3_r.0.weight
 |  0.000 |  0.000 |  0.000 |  0.000 || KD.c3_r.0.bias
 |  0.000 | -0.101 |  0.083 |  0.025 || KD.c3_r.1.weight
 |  0.000 |  0.000 |  0.000 |  0.000 || KD.c3_r.1.bias
 |  0.001 | -0.069 |  0.075 |  0.025 || KD.c4.0.weight
 |  0.000 |  0.000 |  0.000 |  0.000 || KD.c4.0.bias
 |  0.001 | -0.077 |  0.076 |  0.025 || KD.c4.1.weight
 |  0.000 |  0.000 |  0.000 |  0.000 || KD.c4.1.bias
 | -0.003 | -0.050 |  0.041 |  0.018 || KD.c5.0.weight
 |  0.000 |  0.000 |  0.000 |  0.000 || KD.c5.0.bias
 |  0.000 | -0.064 |  0.065 |  0.018 || KD.c5.1.weight
 |  0.000 |  0.000 |  0.000 |  0.000 || KD.c5.1.bias
 | -0.002 | -0.064 |  0.051 |  0.025 || KD.esa.conv1.0.weight
 |  0.000 |  0.000 |  0.000 |  0.000 || KD.esa.conv1.0.bias
 |  0.000 | -0.068 |  0.077 |  0.025 || KD.esa.conv1.1.weight
 |  0.000 |  0.000 |  0.000 |  0.000 || KD.esa.conv1.1.bias
 |  0.004 | -0.076 |  0.132 |  0.051 || KD.esa.conv_f.0.weight
 |  0.000 |  0.000 |  0.000 |  0.000 || KD.esa.conv_f.0.bias
 |  0.001 | -0.144 |  0.130 |  0.050 || KD.esa.conv_f.1.weight
 |  0.000 |  0.000 |  0.000 |  0.000 || KD.esa.conv_f.1.bias
 |  0.002 | -0.138 |  0.120 |  0.050 || KD.esa.conv_max.0.weight
 |  0.000 |  0.000 |  0.000 |  0.000 || KD.esa.conv_max.0.bias
 |  0.002 | -0.136 |  0.143 |  0.050 || KD.esa.conv_max.1.weight
 |  0.000 |  0.000 |  0.000 |  0.000 || KD.esa.conv_max.1.bias
 | -0.006 | -0.164 |  0.120 |  0.050 || KD.esa.conv2.0.weight
 |  0.000 |  0.000 |  0.000 |  0.000 || KD.esa.conv2.0.bias
 |  0.002 | -0.122 |  0.148 |  0.050 || KD.esa.conv2.1.weight
 |  0.000 |  0.000 |  0.000 |  0.000 || KD.esa.conv2.1.bias
 | -0.007 | -0.114 |  0.150 |  0.050 || KD.esa.conv3.0.weight
 |  0.000 |  0.000 |  0.000 |  0.000 || KD.esa.conv3.0.bias
 | -0.004 | -0.119 |  0.121 |  0.050 || KD.esa.conv3.1.weight
 |  0.000 |  0.000 |  0.000 |  0.000 || KD.esa.conv3.1.bias
 |  0.009 | -0.107 |  0.112 |  0.049 || KD.esa.conv3_.0.weight
 |  0.000 |  0.000 |  0.000 |  0.000 || KD.esa.conv3_.0.bias
 |  0.003 | -0.120 |  0.140 |  0.050 || KD.esa.conv3_.1.weight
 |  0.000 |  0.000 |  0.000 |  0.000 || KD.esa.conv3_.1.bias
 | -0.004 | -0.118 |  0.057 |  0.051 || KD.esa.conv4.0.weight
 |  0.000 |  0.000 |  0.000 |  0.000 || KD.esa.conv4.0.bias
 | -0.000 | -0.086 |  0.079 |  0.025 || KD.esa.conv4.1.weight
 |  0.000 |  0.000 |  0.000 |  0.000 || KD.esa.conv4.1.bias
 | -0.001 | -0.069 |  0.077 |  0.025 || head.weight
 |  0.000 |  0.000 |  0.000 |  0.000 || head.bias
 |  0.000 | -0.075 |  0.090 |  0.025 || body.sub.0.res.0.weight
 |  0.000 |  0.000 |  0.000 |  0.000 || body.sub.0.res.0.bias
 |  0.000 | -0.087 |  0.077 |  0.025 || body.sub.0.res.1.weight
 |  0.000 |  0.000 |  0.000 |  0.000 || body.sub.0.res.1.bias
 | -0.000 | -0.062 |  0.083 |  0.025 || body.sub.0.res.3.weight
 |  0.000 |  0.000 |  0.000 |  0.000 || body.sub.0.res.3.bias
 | -0.001 | -0.100 |  0.080 |  0.025 || body.sub.0.res.4.weight
 |  0.000 |  0.000 |  0.000 |  0.000 || body.sub.0.res.4.bias
 |  0.001 | -0.072 |  0.088 |  0.025 || body.sub.1.res.0.weight
 |  0.000 |  0.000 |  0.000 |  0.000 || body.sub.1.res.0.bias
 |  0.001 | -0.088 |  0.085 |  0.025 || body.sub.1.res.1.weight
 |  0.000 |  0.000 |  0.000 |  0.000 || body.sub.1.res.1.bias
 |  0.003 | -0.072 |  0.067 |  0.025 || body.sub.1.res.3.weight
 |  0.000 |  0.000 |  0.000 |  0.000 || body.sub.1.res.3.bias
 | -0.000 | -0.089 |  0.096 |  0.025 || body.sub.1.res.4.weight
 |  0.000 |  0.000 |  0.000 |  0.000 || body.sub.1.res.4.bias
 | -0.001 | -0.067 |  0.065 |  0.025 || body.sub.2.res.0.weight
 |  0.000 |  0.000 |  0.000 |  0.000 || body.sub.2.res.0.bias
 | -0.000 | -0.088 |  0.092 |  0.025 || body.sub.2.res.1.weight
 |  0.000 |  0.000 |  0.000 |  0.000 || body.sub.2.res.1.bias
 |  0.000 | -0.075 |  0.074 |  0.025 || body.sub.2.res.3.weight
 |  0.000 |  0.000 |  0.000 |  0.000 || body.sub.2.res.3.bias
 | -0.000 | -0.079 |  0.085 |  0.025 || body.sub.2.res.4.weight
 |  0.000 |  0.000 |  0.000 |  0.000 || body.sub.2.res.4.bias
 | -0.001 | -0.090 |  0.069 |  0.025 || body.sub.3.res.0.weight
 |  0.000 |  0.000 |  0.000 |  0.000 || body.sub.3.res.0.bias
 | -0.000 | -0.097 |  0.089 |  0.025 || body.sub.3.res.1.weight
 |  0.000 |  0.000 |  0.000 |  0.000 || body.sub.3.res.1.bias
 | -0.001 | -0.076 |  0.078 |  0.025 || body.sub.3.res.3.weight
 |  0.000 |  0.000 |  0.000 |  0.000 || body.sub.3.res.3.bias
 | -0.000 | -0.090 |  0.081 |  0.025 || body.sub.3.res.4.weight
 |  0.000 |  0.000 |  0.000 |  0.000 || body.sub.3.res.4.bias
 | -0.001 | -0.073 |  0.083 |  0.025 || body.sub.4.res.0.weight
 |  0.000 |  0.000 |  0.000 |  0.000 || body.sub.4.res.0.bias
 |  0.000 | -0.084 |  0.081 |  0.025 || body.sub.4.res.1.weight
 |  0.000 |  0.000 |  0.000 |  0.000 || body.sub.4.res.1.bias
 | -0.001 | -0.070 |  0.064 |  0.025 || body.sub.4.res.3.weight
 |  0.000 |  0.000 |  0.000 |  0.000 || body.sub.4.res.3.bias
 |  0.000 | -0.096 |  0.076 |  0.025 || body.sub.4.res.4.weight
 |  0.000 |  0.000 |  0.000 |  0.000 || body.sub.4.res.4.bias
 | -0.002 | -0.075 |  0.089 |  0.025 || body.sub.5.res.0.weight
 |  0.000 |  0.000 |  0.000 |  0.000 || body.sub.5.res.0.bias
 |  0.000 | -0.079 |  0.086 |  0.025 || body.sub.5.res.1.weight
 |  0.000 |  0.000 |  0.000 |  0.000 || body.sub.5.res.1.bias
 |  0.001 | -0.070 |  0.071 |  0.025 || body.sub.5.res.3.weight
 |  0.000 |  0.000 |  0.000 |  0.000 || body.sub.5.res.3.bias
 |  0.000 | -0.096 |  0.105 |  0.025 || body.sub.5.res.4.weight
 |  0.000 |  0.000 |  0.000 |  0.000 || body.sub.5.res.4.bias
 | -0.002 | -0.071 |  0.076 |  0.025 || body.sub.6.res.0.weight
 |  0.000 |  0.000 |  0.000 |  0.000 || body.sub.6.res.0.bias
 | -0.000 | -0.082 |  0.096 |  0.025 || body.sub.6.res.1.weight
 |  0.000 |  0.000 |  0.000 |  0.000 || body.sub.6.res.1.bias
 | -0.001 | -0.073 |  0.076 |  0.025 || body.sub.6.res.3.weight
 |  0.000 |  0.000 |  0.000 |  0.000 || body.sub.6.res.3.bias
 |  0.000 | -0.088 |  0.095 |  0.025 || body.sub.6.res.4.weight
 |  0.000 |  0.000 |  0.000 |  0.000 || body.sub.6.res.4.bias
 |  0.003 | -0.070 |  0.067 |  0.025 || body.sub.7.res.0.weight
 |  0.000 |  0.000 |  0.000 |  0.000 || body.sub.7.res.0.bias
 | -0.001 | -0.088 |  0.098 |  0.025 || body.sub.7.res.1.weight
 |  0.000 |  0.000 |  0.000 |  0.000 || body.sub.7.res.1.bias
 | -0.002 | -0.080 |  0.061 |  0.025 || body.sub.7.res.3.weight
 |  0.000 |  0.000 |  0.000 |  0.000 || body.sub.7.res.3.bias
 | -0.000 | -0.088 |  0.075 |  0.025 || body.sub.7.res.4.weight
 |  0.000 |  0.000 |  0.000 |  0.000 || body.sub.7.res.4.bias
 | -0.000 | -0.078 |  0.074 |  0.025 || body.sub.8.res.0.weight
 |  0.000 |  0.000 |  0.000 |  0.000 || body.sub.8.res.0.bias
 |  0.000 | -0.089 |  0.090 |  0.025 || body.sub.8.res.1.weight
 |  0.000 |  0.000 |  0.000 |  0.000 || body.sub.8.res.1.bias
 | -0.001 | -0.064 |  0.074 |  0.025 || body.sub.8.res.3.weight
 |  0.000 |  0.000 |  0.000 |  0.000 || body.sub.8.res.3.bias
 | -0.000 | -0.084 |  0.081 |  0.025 || body.sub.8.res.4.weight
 |  0.000 |  0.000 |  0.000 |  0.000 || body.sub.8.res.4.bias
 | -0.002 | -0.078 |  0.079 |  0.025 || body.sub.9.res.0.weight
 |  0.000 |  0.000 |  0.000 |  0.000 || body.sub.9.res.0.bias
 | -0.000 | -0.088 |  0.087 |  0.025 || body.sub.9.res.1.weight
 |  0.000 |  0.000 |  0.000 |  0.000 || body.sub.9.res.1.bias
 | -0.001 | -0.073 |  0.083 |  0.025 || body.sub.9.res.3.weight
 |  0.000 |  0.000 |  0.000 |  0.000 || body.sub.9.res.3.bias
 |  0.000 | -0.085 |  0.086 |  0.025 || body.sub.9.res.4.weight
 |  0.000 |  0.000 |  0.000 |  0.000 || body.sub.9.res.4.bias
 |  0.002 | -0.074 |  0.089 |  0.025 || body.sub.10.res.0.weight
 |  0.000 |  0.000 |  0.000 |  0.000 || body.sub.10.res.0.bias
 | -0.001 | -0.094 |  0.092 |  0.025 || body.sub.10.res.1.weight
 |  0.000 |  0.000 |  0.000 |  0.000 || body.sub.10.res.1.bias
 | -0.000 | -0.064 |  0.066 |  0.025 || body.sub.10.res.3.weight
 |  0.000 |  0.000 |  0.000 |  0.000 || body.sub.10.res.3.bias
 |  0.000 | -0.086 |  0.092 |  0.025 || body.sub.10.res.4.weight
 |  0.000 |  0.000 |  0.000 |  0.000 || body.sub.10.res.4.bias
 |  0.000 | -0.067 |  0.070 |  0.025 || body.sub.11.res.0.weight
 |  0.000 |  0.000 |  0.000 |  0.000 || body.sub.11.res.0.bias
 | -0.000 | -0.083 |  0.083 |  0.025 || body.sub.11.res.1.weight
 |  0.000 |  0.000 |  0.000 |  0.000 || body.sub.11.res.1.bias
 |  0.000 | -0.075 |  0.086 |  0.025 || body.sub.11.res.3.weight
 |  0.000 |  0.000 |  0.000 |  0.000 || body.sub.11.res.3.bias
 | -0.000 | -0.084 |  0.082 |  0.025 || body.sub.11.res.4.weight
 |  0.000 |  0.000 |  0.000 |  0.000 || body.sub.11.res.4.bias
 |  0.000 | -0.074 |  0.080 |  0.025 || body.sub.12.res.0.weight
 |  0.000 |  0.000 |  0.000 |  0.000 || body.sub.12.res.0.bias
 |  0.000 | -0.101 |  0.085 |  0.025 || body.sub.12.res.1.weight
 |  0.000 |  0.000 |  0.000 |  0.000 || body.sub.12.res.1.bias
 | -0.001 | -0.084 |  0.068 |  0.025 || body.sub.12.res.3.weight
 |  0.000 |  0.000 |  0.000 |  0.000 || body.sub.12.res.3.bias
 |  0.001 | -0.089 |  0.082 |  0.025 || body.sub.12.res.4.weight
 |  0.000 |  0.000 |  0.000 |  0.000 || body.sub.12.res.4.bias
 | -0.001 | -0.081 |  0.084 |  0.025 || body.sub.13.res.0.weight
 |  0.000 |  0.000 |  0.000 |  0.000 || body.sub.13.res.0.bias
 | -0.000 | -0.088 |  0.087 |  0.025 || body.sub.13.res.1.weight
 |  0.000 |  0.000 |  0.000 |  0.000 || body.sub.13.res.1.bias
 | -0.001 | -0.077 |  0.070 |  0.025 || body.sub.13.res.3.weight
 |  0.000 |  0.000 |  0.000 |  0.000 || body.sub.13.res.3.bias
 |  0.000 | -0.080 |  0.094 |  0.025 || body.sub.13.res.4.weight
 |  0.000 |  0.000 |  0.000 |  0.000 || body.sub.13.res.4.bias
 | -0.002 | -0.089 |  0.085 |  0.025 || body.sub.14.res.0.weight
 |  0.000 |  0.000 |  0.000 |  0.000 || body.sub.14.res.0.bias
 |  0.000 | -0.087 |  0.087 |  0.025 || body.sub.14.res.1.weight
 |  0.000 |  0.000 |  0.000 |  0.000 || body.sub.14.res.1.bias
 | -0.001 | -0.066 |  0.081 |  0.025 || body.sub.14.res.3.weight
 |  0.000 |  0.000 |  0.000 |  0.000 || body.sub.14.res.3.bias
 |  0.000 | -0.088 |  0.095 |  0.025 || body.sub.14.res.4.weight
 |  0.000 |  0.000 |  0.000 |  0.000 || body.sub.14.res.4.bias
 | -0.001 | -0.082 |  0.090 |  0.025 || body.sub.15.res.0.weight
 |  0.000 |  0.000 |  0.000 |  0.000 || body.sub.15.res.0.bias
 |  0.000 | -0.091 |  0.086 |  0.025 || body.sub.15.res.1.weight
 |  0.000 |  0.000 |  0.000 |  0.000 || body.sub.15.res.1.bias
 | -0.002 | -0.077 |  0.073 |  0.025 || body.sub.15.res.3.weight
 |  0.000 |  0.000 |  0.000 |  0.000 || body.sub.15.res.3.bias
 |  0.000 | -0.077 |  0.101 |  0.025 || body.sub.15.res.4.weight
 |  0.000 |  0.000 |  0.000 |  0.000 || body.sub.15.res.4.bias
 | -0.000 | -0.034 |  0.036 |  0.008 || body.sub.16.weight
 |  0.000 |  0.000 |  0.000 |  0.000 || body.sub.16.bias
 |  0.000 | -0.036 |  0.033 |  0.008 || tail.1.weight
 |  0.000 |  0.000 |  0.000 |  0.000 || tail.1.bias
 |  0.000 | -0.033 |  0.035 |  0.008 || tail.3.weight
 |  0.000 |  0.000 |  0.000 |  0.000 || tail.3.bias
 | -0.000 | -0.029 |  0.025 |  0.008 || tail.5.weight
 | -0.000 | -0.059 |  0.059 |  0.018 || copress.weight
 |  0.000 |  0.000 |  0.000 |  0.000 || copress.bias

25-10-19 02:28:17.276 :   task: 0529msrresnet_gan_kd_x2_s4_for nc128 le-4 IR 20000
  model: gan
  gpu_ids: [0]
  scale: 2
  n_channels: 1
  sigma: [0, 50]
  sigma_test: 0
  merge_bn: False
  merge_bn_startpoint: 400000
  path:[
    root: superresolution
    pretrained_netG: None
    pretrained_netD: None
    task: superresolution/0529msrresnet_gan_kd_x2_s4_for nc128 le-4 IR 20000
    log: superresolution/0529msrresnet_gan_kd_x2_s4_for nc128 le-4 IR 20000
    options: superresolution/0529msrresnet_gan_kd_x2_s4_for nc128 le-4 IR 20000/options
    models: superresolution/0529msrresnet_gan_kd_x2_s4_for nc128 le-4 IR 20000/models
    images: superresolution/0529msrresnet_gan_kd_x2_s4_for nc128 le-4 IR 20000/images
  ]
  datasets:[
    train:[
      name: train_dataset
      dataset_type: sr
      dataroot_H: /home/pamasi/deep_learning/ir/dataset_sr/dataset_CIDIS_sisr_x8/thermal/train/GT
      dataroot_L: /home/pamasi/deep_learning/ir/dataset_sr/dataset_CIDIS_sisr_x8/thermal/train/LR_x8
      H_size: 96
      dataloader_shuffle: True
      dataloader_num_workers: 8
      dataloader_batch_size: 32
      phase: train
      scale: 2
      n_channels: 1
    ]
    test:[
      name: test_dataset
      dataset_type: sr
      dataroot_H: /home/pamasi/deep_learning/ir/dataset_sr/dataset_CIDIS_sisr_x8/thermal/val/GT
      dataroot_L: /home/pamasi/deep_learning/ir/dataset_sr/dataset_CIDIS_sisr_x8/thermal/val/LR_x8
      phase: test
      scale: 2
      n_channels: 1
    ]
  ]
  netG:[
    net_type: msrresnet0
    en_net_type: D_msrresnet0
    enhance: no_enhance
    in_nc: 3
    out_nc: 3
    nc: 64
    nb: 16
    gc: 32
    ng: 2
    reduction: 16
    act_mode: R
    upsample_mode: upconv
    downsample_mode: strideconv
    init_type: orthogonal
    init_bn_type: uniform
    init_gain: 0.2
    scale: 2
  ]
  netD:[
    net_type: discriminator_vgg_96
    in_nc: 3
    act_mode: BL
    base_nc: 64
    init_type: orthogonal
    init_bn_type: uniform
    init_gain: 0.2
  ]
  train:[
    G_lossfn_type: l1
    G_lossfn_weight: 0.01
    F_lossfn_type: l1
    F_lossfn_weight: 1
    gan_type: ragan
    D_lossfn_weight: 0.005
    D_init_iters: 0
    G_optimizer_type: adam
    G_optimizer_lr: 0.0001
    G_optimizer_wd: 0
    D_optimizer_type: adam
    D_optimizer_lr: 0.0001
    D_optimizer_wd: 0
    G_scheduler_type: MultiStepLR
    G_scheduler_milestones: [100000, 200000, 1200000, 2000000]
    G_scheduler_gamma: 0.5
    D_scheduler_type: MultiStepLR
    D_scheduler_milestones: [100000, 200000, 1200000, 2000000]
    D_scheduler_gamma: 0.5
    checkpoint_test: 5000
    checkpoint_save: 5000
    checkpoint_print: 200
  ]
  opt_path: options/train_kdsrgan.json
  is_train: True

25-10-19 02:28:17.277 : Random seed: 4705
25-10-19 02:28:17.281 : Number of train images: 700, iters: 22
25-10-19 02:28:20.034 : 
Networks name: D_msrresnet0
Params number: 312736
Net structure:
D_msrresnet0(
  (KD): KDB(
    (c1_d): Sequential(
      (0): Conv2d(64, 64, kernel_size=(1, 1), stride=(1, 1), groups=64)
      (1): Conv2d(64, 32, kernel_size=(1, 1), stride=(1, 1))
    )
    (c1_r): Sequential(
      (0): Conv2d(64, 64, kernel_size=(3, 3), stride=(1, 1), padding=(1, 1), groups=64)
      (1): Conv2d(64, 64, kernel_size=(1, 1), stride=(1, 1))
    )
    (c2_d): Sequential(
      (0): Conv2d(64, 64, kernel_size=(1, 1), stride=(1, 1), groups=64)
      (1): Conv2d(64, 32, kernel_size=(1, 1), stride=(1, 1))
    )
    (c2_r): Sequential(
      (0): Conv2d(64, 64, kernel_size=(3, 3), stride=(1, 1), padding=(1, 1), groups=64)
      (1): Conv2d(64, 64, kernel_size=(1, 1), stride=(1, 1))
    )
    (c3_d): Sequential(
      (0): Conv2d(64, 64, kernel_size=(1, 1), stride=(1, 1), groups=64)
      (1): Conv2d(64, 32, kernel_size=(1, 1), stride=(1, 1))
    )
    (c3_r): Sequential(
      (0): Conv2d(64, 64, kernel_size=(3, 3), stride=(1, 1), padding=(1, 1), groups=64)
      (1): Conv2d(64, 64, kernel_size=(1, 1), stride=(1, 1))
    )
    (c4): Sequential(
      (0): Conv2d(64, 64, kernel_size=(3, 3), stride=(1, 1), padding=(1, 1), groups=64)
      (1): Conv2d(64, 32, kernel_size=(1, 1), stride=(1, 1))
    )
    (act): LeakyReLU(negative_slope=0.05, inplace=True)
    (c5): Sequential(
      (0): Conv2d(128, 128, kernel_size=(1, 1), stride=(1, 1), groups=128)
      (1): Conv2d(128, 64, kernel_size=(1, 1), stride=(1, 1))
    )
    (esa): ESA(
      (conv1): Sequential(
        (0): Conv2d(64, 64, kernel_size=(1, 1), stride=(1, 1), groups=64)
        (1): Conv2d(64, 16, kernel_size=(1, 1), stride=(1, 1))
      )
      (conv_f): Sequential(
        (0): Conv2d(16, 16, kernel_size=(1, 1), stride=(1, 1), groups=16)
        (1): Conv2d(16, 16, kernel_size=(1, 1), stride=(1, 1))
      )
      (conv_max): Sequential(
        (0): Conv2d(16, 16, kernel_size=(3, 3), stride=(1, 1), padding=(1, 1), groups=16)
        (1): Conv2d(16, 16, kernel_size=(1, 1), stride=(1, 1))
      )
      (conv2): Sequential(
        (0): Conv2d(16, 16, kernel_size=(3, 3), stride=(2, 2), padding=(1, 1), groups=16)
        (1): Conv2d(16, 16, kernel_size=(1, 1), stride=(1, 1))
      )
      (conv3): Sequential(
        (0): Conv2d(16, 16, kernel_size=(3, 3), stride=(1, 1), padding=(1, 1), groups=16)
        (1): Conv2d(16, 16, kernel_size=(1, 1), stride=(1, 1))
      )
      (conv3_): Sequential(
        (0): Conv2d(16, 16, kernel_size=(3, 3), stride=(1, 1), padding=(1, 1), groups=16)
        (1): Conv2d(16, 16, kernel_size=(1, 1), stride=(1, 1))
      )
      (conv4): Sequential(
        (0): Conv2d(16, 16, kernel_size=(1, 1), stride=(1, 1), groups=16)
        (1): Conv2d(16, 64, kernel_size=(1, 1), stride=(1, 1))
      )
      (sigmoid): Sigmoid()
      (relu): ReLU(inplace=True)
    )
  )
  (head): Conv2d(3, 64, kernel_size=(3, 3), stride=(1, 1), padding=(1, 1))
  (body): Identity + 
  |Sequential(
  |  (0): ResBlock(
  |    (res): Sequential(
  |      (0): Conv2d(64, 64, kernel_size=(3, 3), stride=(1, 1), padding=(1, 1), groups=64)
  |      (1): Conv2d(64, 64, kernel_size=(1, 1), stride=(1, 1))
  |      (2): ReLU(inplace=True)
  |      (3): Conv2d(64, 64, kernel_size=(3, 3), stride=(1, 1), padding=(1, 1), groups=64)
  |      (4): Conv2d(64, 64, kernel_size=(1, 1), stride=(1, 1))
  |    )
  |  )
  |  (1): ResBlock(
  |    (res): Sequential(
  |      (0): Conv2d(64, 64, kernel_size=(3, 3), stride=(1, 1), padding=(1, 1), groups=64)
  |      (1): Conv2d(64, 64, kernel_size=(1, 1), stride=(1, 1))
  |      (2): ReLU(inplace=True)
  |      (3): Conv2d(64, 64, kernel_size=(3, 3), stride=(1, 1), padding=(1, 1), groups=64)
  |      (4): Conv2d(64, 64, kernel_size=(1, 1), stride=(1, 1))
  |    )
  |  )
  |  (2): ResBlock(
  |    (res): Sequential(
  |      (0): Conv2d(64, 64, kernel_size=(3, 3), stride=(1, 1), padding=(1, 1), groups=64)
  |      (1): Conv2d(64, 64, kernel_size=(1, 1), stride=(1, 1))
  |      (2): ReLU(inplace=True)
  |      (3): Conv2d(64, 64, kernel_size=(3, 3), stride=(1, 1), padding=(1, 1), groups=64)
  |      (4): Conv2d(64, 64, kernel_size=(1, 1), stride=(1, 1))
  |    )
  |  )
  |  (3): ResBlock(
  |    (res): Sequential(
  |      (0): Conv2d(64, 64, kernel_size=(3, 3), stride=(1, 1), padding=(1, 1), groups=64)
  |      (1): Conv2d(64, 64, kernel_size=(1, 1), stride=(1, 1))
  |      (2): ReLU(inplace=True)
  |      (3): Conv2d(64, 64, kernel_size=(3, 3), stride=(1, 1), padding=(1, 1), groups=64)
  |      (4): Conv2d(64, 64, kernel_size=(1, 1), stride=(1, 1))
  |    )
  |  )
  |  (4): ResBlock(
  |    (res): Sequential(
  |      (0): Conv2d(64, 64, kernel_size=(3, 3), stride=(1, 1), padding=(1, 1), groups=64)
  |      (1): Conv2d(64, 64, kernel_size=(1, 1), stride=(1, 1))
  |      (2): ReLU(inplace=True)
  |      (3): Conv2d(64, 64, kernel_size=(3, 3), stride=(1, 1), padding=(1, 1), groups=64)
  |      (4): Conv2d(64, 64, kernel_size=(1, 1), stride=(1, 1))
  |    )
  |  )
  |  (5): ResBlock(
  |    (res): Sequential(
  |      (0): Conv2d(64, 64, kernel_size=(3, 3), stride=(1, 1), padding=(1, 1), groups=64)
  |      (1): Conv2d(64, 64, kernel_size=(1, 1), stride=(1, 1))
  |      (2): ReLU(inplace=True)
  |      (3): Conv2d(64, 64, kernel_size=(3, 3), stride=(1, 1), padding=(1, 1), groups=64)
  |      (4): Conv2d(64, 64, kernel_size=(1, 1), stride=(1, 1))
  |    )
  |  )
  |  (6): ResBlock(
  |    (res): Sequential(
  |      (0): Conv2d(64, 64, kernel_size=(3, 3), stride=(1, 1), padding=(1, 1), groups=64)
  |      (1): Conv2d(64, 64, kernel_size=(1, 1), stride=(1, 1))
  |      (2): ReLU(inplace=True)
  |      (3): Conv2d(64, 64, kernel_size=(3, 3), stride=(1, 1), padding=(1, 1), groups=64)
  |      (4): Conv2d(64, 64, kernel_size=(1, 1), stride=(1, 1))
  |    )
  |  )
  |  (7): ResBlock(
  |    (res): Sequential(
  |      (0): Conv2d(64, 64, kernel_size=(3, 3), stride=(1, 1), padding=(1, 1), groups=64)
  |      (1): Conv2d(64, 64, kernel_size=(1, 1), stride=(1, 1))
  |      (2): ReLU(inplace=True)
  |      (3): Conv2d(64, 64, kernel_size=(3, 3), stride=(1, 1), padding=(1, 1), groups=64)
  |      (4): Conv2d(64, 64, kernel_size=(1, 1), stride=(1, 1))
  |    )
  |  )
  |  (8): ResBlock(
  |    (res): Sequential(
  |      (0): Conv2d(64, 64, kernel_size=(3, 3), stride=(1, 1), padding=(1, 1), groups=64)
  |      (1): Conv2d(64, 64, kernel_size=(1, 1), stride=(1, 1))
  |      (2): ReLU(inplace=True)
  |      (3): Conv2d(64, 64, kernel_size=(3, 3), stride=(1, 1), padding=(1, 1), groups=64)
  |      (4): Conv2d(64, 64, kernel_size=(1, 1), stride=(1, 1))
  |    )
  |  )
  |  (9): ResBlock(
  |    (res): Sequential(
  |      (0): Conv2d(64, 64, kernel_size=(3, 3), stride=(1, 1), padding=(1, 1), groups=64)
  |      (1): Conv2d(64, 64, kernel_size=(1, 1), stride=(1, 1))
  |      (2): ReLU(inplace=True)
  |      (3): Conv2d(64, 64, kernel_size=(3, 3), stride=(1, 1), padding=(1, 1), groups=64)
  |      (4): Conv2d(64, 64, kernel_size=(1, 1), stride=(1, 1))
  |    )
  |  )
  |  (10): ResBlock(
  |    (res): Sequential(
  |      (0): Conv2d(64, 64, kernel_size=(3, 3), stride=(1, 1), padding=(1, 1), groups=64)
  |      (1): Conv2d(64, 64, kernel_size=(1, 1), stride=(1, 1))
  |      (2): ReLU(inplace=True)
  |      (3): Conv2d(64, 64, kernel_size=(3, 3), stride=(1, 1), padding=(1, 1), groups=64)
  |      (4): Conv2d(64, 64, kernel_size=(1, 1), stride=(1, 1))
  |    )
  |  )
  |  (11): ResBlock(
  |    (res): Sequential(
  |      (0): Conv2d(64, 64, kernel_size=(3, 3), stride=(1, 1), padding=(1, 1), groups=64)
  |      (1): Conv2d(64, 64, kernel_size=(1, 1), stride=(1, 1))
  |      (2): ReLU(inplace=True)
  |      (3): Conv2d(64, 64, kernel_size=(3, 3), stride=(1, 1), padding=(1, 1), groups=64)
  |      (4): Conv2d(64, 64, kernel_size=(1, 1), stride=(1, 1))
  |    )
  |  )
  |  (12): ResBlock(
  |    (res): Sequential(
  |      (0): Conv2d(64, 64, kernel_size=(3, 3), stride=(1, 1), padding=(1, 1), groups=64)
  |      (1): Conv2d(64, 64, kernel_size=(1, 1), stride=(1, 1))
  |      (2): ReLU(inplace=True)
  |      (3): Conv2d(64, 64, kernel_size=(3, 3), stride=(1, 1), padding=(1, 1), groups=64)
  |      (4): Conv2d(64, 64, kernel_size=(1, 1), stride=(1, 1))
  |    )
  |  )
  |  (13): ResBlock(
  |    (res): Sequential(
  |      (0): Conv2d(64, 64, kernel_size=(3, 3), stride=(1, 1), padding=(1, 1), groups=64)
  |      (1): Conv2d(64, 64, kernel_size=(1, 1), stride=(1, 1))
  |      (2): ReLU(inplace=True)
  |      (3): Conv2d(64, 64, kernel_size=(3, 3), stride=(1, 1), padding=(1, 1), groups=64)
  |      (4): Conv2d(64, 64, kernel_size=(1, 1), stride=(1, 1))
  |    )
  |  )
  |  (14): ResBlock(
  |    (res): Sequential(
  |      (0): Conv2d(64, 64, kernel_size=(3, 3), stride=(1, 1), padding=(1, 1), groups=64)
  |      (1): Conv2d(64, 64, kernel_size=(1, 1), stride=(1, 1))
  |      (2): ReLU(inplace=True)
  |      (3): Conv2d(64, 64, kernel_size=(3, 3), stride=(1, 1), padding=(1, 1), groups=64)
  |      (4): Conv2d(64, 64, kernel_size=(1, 1), stride=(1, 1))
  |    )
  |  )
  |  (15): ResBlock(
  |    (res): Sequential(
  |      (0): Conv2d(64, 64, kernel_size=(3, 3), stride=(1, 1), padding=(1, 1), groups=64)
  |      (1): Conv2d(64, 64, kernel_size=(1, 1), stride=(1, 1))
  |      (2): ReLU(inplace=True)
  |      (3): Conv2d(64, 64, kernel_size=(3, 3), stride=(1, 1), padding=(1, 1), groups=64)
  |      (4): Conv2d(64, 64, kernel_size=(1, 1), stride=(1, 1))
  |    )
  |  )
  |  (16): Conv2d(64, 64, kernel_size=(3, 3), stride=(1, 1), padding=(1, 1))
  |)
  (tail): Sequential(
    (0): Upsample(scale_factor=2.0, mode='nearest')
    (1): Conv2d(64, 64, kernel_size=(3, 3), stride=(1, 1), padding=(1, 1))
    (2): ReLU(inplace=True)
    (3): Conv2d(64, 64, kernel_size=(3, 3), stride=(1, 1), padding=(1, 1))
    (4): ReLU(inplace=True)
    (5): Conv2d(64, 3, kernel_size=(3, 3), stride=(1, 1), padding=(1, 1), bias=False)
  )
  (copress): Conv2d(128, 64, kernel_size=(1, 1), stride=(1, 1))
)

Networks name: Discriminator_VGG_96
Params number: 14143881
Net structure:
Discriminator_VGG_96(
  (features): Sequential(
    (0): Conv2d(3, 64, kernel_size=(3, 3), stride=(1, 1), padding=(1, 1))
    (1): Conv2d(64, 64, kernel_size=(4, 4), stride=(2, 2), padding=(1, 1))
    (2): BatchNorm2d(64, eps=0.0001, momentum=0.9, affine=True, track_running_stats=True)
    (3): LeakyReLU(negative_slope=0.2, inplace=True)
    (4): Conv2d(64, 128, kernel_size=(3, 3), stride=(1, 1), padding=(1, 1))
    (5): BatchNorm2d(128, eps=0.0001, momentum=0.9, affine=True, track_running_stats=True)
    (6): LeakyReLU(negative_slope=0.2, inplace=True)
    (7): Conv2d(128, 128, kernel_size=(4, 4), stride=(2, 2), padding=(1, 1))
    (8): BatchNorm2d(128, eps=0.0001, momentum=0.9, affine=True, track_running_stats=True)
    (9): LeakyReLU(negative_slope=0.2, inplace=True)
    (10): Conv2d(128, 256, kernel_size=(3, 3), stride=(1, 1), padding=(1, 1))
    (11): BatchNorm2d(256, eps=0.0001, momentum=0.9, affine=True, track_running_stats=True)
    (12): LeakyReLU(negative_slope=0.2, inplace=True)
    (13): Conv2d(256, 256, kernel_size=(4, 4), stride=(2, 2), padding=(1, 1))
    (14): BatchNorm2d(256, eps=0.0001, momentum=0.9, affine=True, track_running_stats=True)
    (15): LeakyReLU(negative_slope=0.2, inplace=True)
    (16): Conv2d(256, 512, kernel_size=(3, 3), stride=(1, 1), padding=(1, 1))
    (17): BatchNorm2d(512, eps=0.0001, momentum=0.9, affine=True, track_running_stats=True)
    (18): LeakyReLU(negative_slope=0.2, inplace=True)
    (19): Conv2d(512, 512, kernel_size=(4, 4), stride=(2, 2), padding=(1, 1))
    (20): BatchNorm2d(512, eps=0.0001, momentum=0.9, affine=True, track_running_stats=True)
    (21): LeakyReLU(negative_slope=0.2, inplace=True)
    (22): Conv2d(512, 512, kernel_size=(3, 3), stride=(1, 1), padding=(1, 1))
    (23): BatchNorm2d(512, eps=0.0001, momentum=0.9, affine=True, track_running_stats=True)
    (24): LeakyReLU(negative_slope=0.2, inplace=True)
    (25): Conv2d(512, 512, kernel_size=(4, 4), stride=(2, 2), padding=(1, 1))
    (26): BatchNorm2d(512, eps=0.0001, momentum=0.9, affine=True, track_running_stats=True)
    (27): LeakyReLU(negative_slope=0.2, inplace=True)
  )
  (classifier): Sequential(
    (0): Linear(in_features=4608, out_features=100, bias=True)
    (1): LeakyReLU(negative_slope=0.2, inplace=True)
    (2): Linear(in_features=100, out_features=1, bias=True)
  )
)

Networks name: VGGFeatureExtractor
Params number: 20024384
Net structure:
VGGFeatureExtractor(
  (features): Sequential(
    (0): Conv2d(3, 64, kernel_size=(3, 3), stride=(1, 1), padding=(1, 1))
    (1): ReLU(inplace=True)
    (2): Conv2d(64, 64, kernel_size=(3, 3), stride=(1, 1), padding=(1, 1))
    (3): ReLU(inplace=True)
    (4): MaxPool2d(kernel_size=2, stride=2, padding=0, dilation=1, ceil_mode=False)
    (5): Conv2d(64, 128, kernel_size=(3, 3), stride=(1, 1), padding=(1, 1))
    (6): ReLU(inplace=True)
    (7): Conv2d(128, 128, kernel_size=(3, 3), stride=(1, 1), padding=(1, 1))
    (8): ReLU(inplace=True)
    (9): MaxPool2d(kernel_size=2, stride=2, padding=0, dilation=1, ceil_mode=False)
    (10): Conv2d(128, 256, kernel_size=(3, 3), stride=(1, 1), padding=(1, 1))
    (11): ReLU(inplace=True)
    (12): Conv2d(256, 256, kernel_size=(3, 3), stride=(1, 1), padding=(1, 1))
    (13): ReLU(inplace=True)
    (14): Conv2d(256, 256, kernel_size=(3, 3), stride=(1, 1), padding=(1, 1))
    (15): ReLU(inplace=True)
    (16): Conv2d(256, 256, kernel_size=(3, 3), stride=(1, 1), padding=(1, 1))
    (17): ReLU(inplace=True)
    (18): MaxPool2d(kernel_size=2, stride=2, padding=0, dilation=1, ceil_mode=False)
    (19): Conv2d(256, 512, kernel_size=(3, 3), stride=(1, 1), padding=(1, 1))
    (20): ReLU(inplace=True)
    (21): Conv2d(512, 512, kernel_size=(3, 3), stride=(1, 1), padding=(1, 1))
    (22): ReLU(inplace=True)
    (23): Conv2d(512, 512, kernel_size=(3, 3), stride=(1, 1), padding=(1, 1))
    (24): ReLU(inplace=True)
    (25): Conv2d(512, 512, kernel_size=(3, 3), stride=(1, 1), padding=(1, 1))
    (26): ReLU(inplace=True)
    (27): MaxPool2d(kernel_size=2, stride=2, padding=0, dilation=1, ceil_mode=False)
    (28): Conv2d(512, 512, kernel_size=(3, 3), stride=(1, 1), padding=(1, 1))
    (29): ReLU(inplace=True)
    (30): Conv2d(512, 512, kernel_size=(3, 3), stride=(1, 1), padding=(1, 1))
    (31): ReLU(inplace=True)
    (32): Conv2d(512, 512, kernel_size=(3, 3), stride=(1, 1), padding=(1, 1))
    (33): ReLU(inplace=True)
    (34): Conv2d(512, 512, kernel_size=(3, 3), stride=(1, 1), padding=(1, 1))
  )
)

25-10-19 02:28:20.121 : 
 |  mean  |  min   |  max   |  std   || param_name          
 | -0.003 | -0.065 |  0.048 |  0.025 || KD.c1_d.0.weight
 |  0.000 |  0.000 |  0.000 |  0.000 || KD.c1_d.0.bias
 |  0.000 | -0.079 |  0.082 |  0.025 || KD.c1_d.1.weight
 |  0.000 |  0.000 |  0.000 |  0.000 || KD.c1_d.1.bias
 |  0.000 | -0.102 |  0.065 |  0.025 || KD.c1_r.0.weight
 |  0.000 |  0.000 |  0.000 |  0.000 || KD.c1_r.0.bias
 | -0.000 | -0.089 |  0.074 |  0.025 || KD.c1_r.1.weight
 |  0.000 |  0.000 |  0.000 |  0.000 || KD.c1_r.1.bias
 |  0.005 | -0.059 |  0.088 |  0.025 || KD.c2_d.0.weight
 |  0.000 |  0.000 |  0.000 |  0.000 || KD.c2_d.0.bias
 | -0.000 | -0.078 |  0.084 |  0.025 || KD.c2_d.1.weight
 |  0.000 |  0.000 |  0.000 |  0.000 || KD.c2_d.1.bias
 |  0.000 | -0.081 |  0.070 |  0.025 || KD.c2_r.0.weight
 |  0.000 |  0.000 |  0.000 |  0.000 || KD.c2_r.0.bias
 |  0.000 | -0.088 |  0.079 |  0.025 || KD.c2_r.1.weight
 |  0.000 |  0.000 |  0.000 |  0.000 || KD.c2_r.1.bias
 |  0.002 | -0.055 |  0.050 |  0.025 || KD.c3_d.0.weight
 |  0.000 |  0.000 |  0.000 |  0.000 || KD.c3_d.0.bias
 | -0.001 | -0.093 |  0.082 |  0.025 || KD.c3_d.1.weight
 |  0.000 |  0.000 |  0.000 |  0.000 || KD.c3_d.1.bias
 | -0.002 | -0.078 |  0.069 |  0.025 || KD.c3_r.0.weight
 |  0.000 |  0.000 |  0.000 |  0.000 || KD.c3_r.0.bias
 |  0.000 | -0.083 |  0.087 |  0.025 || KD.c3_r.1.weight
 |  0.000 |  0.000 |  0.000 |  0.000 || KD.c3_r.1.bias
 |  0.000 | -0.074 |  0.078 |  0.025 || KD.c4.0.weight
 |  0.000 |  0.000 |  0.000 |  0.000 || KD.c4.0.bias
 | -0.000 | -0.084 |  0.079 |  0.025 || KD.c4.1.weight
 |  0.000 |  0.000 |  0.000 |  0.000 || KD.c4.1.bias
 |  0.000 | -0.048 |  0.043 |  0.018 || KD.c5.0.weight
 |  0.000 |  0.000 |  0.000 |  0.000 || KD.c5.0.bias
 |  0.000 | -0.073 |  0.069 |  0.018 || KD.c5.1.weight
 |  0.000 |  0.000 |  0.000 |  0.000 || KD.c5.1.bias
 | -0.004 | -0.061 |  0.065 |  0.025 || KD.esa.conv1.0.weight
 |  0.000 |  0.000 |  0.000 |  0.000 || KD.esa.conv1.0.bias
 | -0.000 | -0.080 |  0.092 |  0.025 || KD.esa.conv1.1.weight
 |  0.000 |  0.000 |  0.000 |  0.000 || KD.esa.conv1.1.bias
 | -0.002 | -0.128 |  0.087 |  0.052 || KD.esa.conv_f.0.weight
 |  0.000 |  0.000 |  0.000 |  0.000 || KD.esa.conv_f.0.bias
 | -0.002 | -0.124 |  0.123 |  0.050 || KD.esa.conv_f.1.weight
 |  0.000 |  0.000 |  0.000 |  0.000 || KD.esa.conv_f.1.bias
 | -0.006 | -0.128 |  0.118 |  0.050 || KD.esa.conv_max.0.weight
 |  0.000 |  0.000 |  0.000 |  0.000 || KD.esa.conv_max.0.bias
 |  0.001 | -0.123 |  0.157 |  0.050 || KD.esa.conv_max.1.weight
 |  0.000 |  0.000 |  0.000 |  0.000 || KD.esa.conv_max.1.bias
 | -0.002 | -0.128 |  0.119 |  0.050 || KD.esa.conv2.0.weight
 |  0.000 |  0.000 |  0.000 |  0.000 || KD.esa.conv2.0.bias
 |  0.003 | -0.108 |  0.122 |  0.050 || KD.esa.conv2.1.weight
 |  0.000 |  0.000 |  0.000 |  0.000 || KD.esa.conv2.1.bias
 |  0.001 | -0.112 |  0.148 |  0.050 || KD.esa.conv3.0.weight
 |  0.000 |  0.000 |  0.000 |  0.000 || KD.esa.conv3.0.bias
 |  0.002 | -0.141 |  0.120 |  0.050 || KD.esa.conv3.1.weight
 |  0.000 |  0.000 |  0.000 |  0.000 || KD.esa.conv3.1.bias
 |  0.002 | -0.129 |  0.115 |  0.050 || KD.esa.conv3_.0.weight
 |  0.000 |  0.000 |  0.000 |  0.000 || KD.esa.conv3_.0.bias
 |  0.001 | -0.121 |  0.115 |  0.050 || KD.esa.conv3_.1.weight
 |  0.000 |  0.000 |  0.000 |  0.000 || KD.esa.conv3_.1.bias
 | -0.013 | -0.103 |  0.077 |  0.050 || KD.esa.conv4.0.weight
 |  0.000 |  0.000 |  0.000 |  0.000 || KD.esa.conv4.0.bias
 |  0.001 | -0.070 |  0.076 |  0.025 || KD.esa.conv4.1.weight
 |  0.000 |  0.000 |  0.000 |  0.000 || KD.esa.conv4.1.bias
 | -0.001 | -0.079 |  0.070 |  0.025 || head.weight
 |  0.000 |  0.000 |  0.000 |  0.000 || head.bias
 | -0.001 | -0.074 |  0.064 |  0.025 || body.sub.0.res.0.weight
 |  0.000 |  0.000 |  0.000 |  0.000 || body.sub.0.res.0.bias
 | -0.000 | -0.079 |  0.084 |  0.025 || body.sub.0.res.1.weight
 |  0.000 |  0.000 |  0.000 |  0.000 || body.sub.0.res.1.bias
 |  0.000 | -0.073 |  0.079 |  0.025 || body.sub.0.res.3.weight
 |  0.000 |  0.000 |  0.000 |  0.000 || body.sub.0.res.3.bias
 | -0.000 | -0.083 |  0.084 |  0.025 || body.sub.0.res.4.weight
 |  0.000 |  0.000 |  0.000 |  0.000 || body.sub.0.res.4.bias
 |  0.000 | -0.084 |  0.084 |  0.025 || body.sub.1.res.0.weight
 |  0.000 |  0.000 |  0.000 |  0.000 || body.sub.1.res.0.bias
 | -0.000 | -0.084 |  0.087 |  0.025 || body.sub.1.res.1.weight
 |  0.000 |  0.000 |  0.000 |  0.000 || body.sub.1.res.1.bias
 |  0.002 | -0.069 |  0.084 |  0.025 || body.sub.1.res.3.weight
 |  0.000 |  0.000 |  0.000 |  0.000 || body.sub.1.res.3.bias
 | -0.000 | -0.094 |  0.089 |  0.025 || body.sub.1.res.4.weight
 |  0.000 |  0.000 |  0.000 |  0.000 || body.sub.1.res.4.bias
 |  0.002 | -0.069 |  0.078 |  0.025 || body.sub.2.res.0.weight
 |  0.000 |  0.000 |  0.000 |  0.000 || body.sub.2.res.0.bias
 | -0.000 | -0.094 |  0.084 |  0.025 || body.sub.2.res.1.weight
 |  0.000 |  0.000 |  0.000 |  0.000 || body.sub.2.res.1.bias
 |  0.001 | -0.075 |  0.068 |  0.025 || body.sub.2.res.3.weight
 |  0.000 |  0.000 |  0.000 |  0.000 || body.sub.2.res.3.bias
 | -0.000 | -0.080 |  0.092 |  0.025 || body.sub.2.res.4.weight
 |  0.000 |  0.000 |  0.000 |  0.000 || body.sub.2.res.4.bias
 |  0.001 | -0.070 |  0.071 |  0.025 || body.sub.3.res.0.weight
 |  0.000 |  0.000 |  0.000 |  0.000 || body.sub.3.res.0.bias
 | -0.000 | -0.090 |  0.096 |  0.025 || body.sub.3.res.1.weight
 |  0.000 |  0.000 |  0.000 |  0.000 || body.sub.3.res.1.bias
 | -0.002 | -0.077 |  0.072 |  0.025 || body.sub.3.res.3.weight
 |  0.000 |  0.000 |  0.000 |  0.000 || body.sub.3.res.3.bias
 | -0.000 | -0.084 |  0.079 |  0.025 || body.sub.3.res.4.weight
 |  0.000 |  0.000 |  0.000 |  0.000 || body.sub.3.res.4.bias
 | -0.000 | -0.069 |  0.098 |  0.025 || body.sub.4.res.0.weight
 |  0.000 |  0.000 |  0.000 |  0.000 || body.sub.4.res.0.bias
 |  0.000 | -0.100 |  0.088 |  0.025 || body.sub.4.res.1.weight
 |  0.000 |  0.000 |  0.000 |  0.000 || body.sub.4.res.1.bias
 |  0.002 | -0.065 |  0.067 |  0.025 || body.sub.4.res.3.weight
 |  0.000 |  0.000 |  0.000 |  0.000 || body.sub.4.res.3.bias
 | -0.000 | -0.082 |  0.079 |  0.025 || body.sub.4.res.4.weight
 |  0.000 |  0.000 |  0.000 |  0.000 || body.sub.4.res.4.bias
 |  0.000 | -0.066 |  0.090 |  0.025 || body.sub.5.res.0.weight
 |  0.000 |  0.000 |  0.000 |  0.000 || body.sub.5.res.0.bias
 | -0.000 | -0.086 |  0.090 |  0.025 || body.sub.5.res.1.weight
 |  0.000 |  0.000 |  0.000 |  0.000 || body.sub.5.res.1.bias
 | -0.002 | -0.073 |  0.071 |  0.025 || body.sub.5.res.3.weight
 |  0.000 |  0.000 |  0.000 |  0.000 || body.sub.5.res.3.bias
 | -0.000 | -0.086 |  0.084 |  0.025 || body.sub.5.res.4.weight
 |  0.000 |  0.000 |  0.000 |  0.000 || body.sub.5.res.4.bias
 | -0.002 | -0.070 |  0.073 |  0.025 || body.sub.6.res.0.weight
 |  0.000 |  0.000 |  0.000 |  0.000 || body.sub.6.res.0.bias
 |  0.000 | -0.087 |  0.084 |  0.025 || body.sub.6.res.1.weight
 |  0.000 |  0.000 |  0.000 |  0.000 || body.sub.6.res.1.bias
 |  0.002 | -0.078 |  0.076 |  0.025 || body.sub.6.res.3.weight
 |  0.000 |  0.000 |  0.000 |  0.000 || body.sub.6.res.3.bias
 |  0.000 | -0.079 |  0.079 |  0.025 || body.sub.6.res.4.weight
 |  0.000 |  0.000 |  0.000 |  0.000 || body.sub.6.res.4.bias
 |  0.000 | -0.074 |  0.066 |  0.025 || body.sub.7.res.0.weight
 |  0.000 |  0.000 |  0.000 |  0.000 || body.sub.7.res.0.bias
 |  0.000 | -0.102 |  0.080 |  0.025 || body.sub.7.res.1.weight
 |  0.000 |  0.000 |  0.000 |  0.000 || body.sub.7.res.1.bias
 |  0.000 | -0.072 |  0.065 |  0.025 || body.sub.7.res.3.weight
 |  0.000 |  0.000 |  0.000 |  0.000 || body.sub.7.res.3.bias
 |  0.000 | -0.089 |  0.089 |  0.025 || body.sub.7.res.4.weight
 |  0.000 |  0.000 |  0.000 |  0.000 || body.sub.7.res.4.bias
 |  0.000 | -0.071 |  0.070 |  0.025 || body.sub.8.res.0.weight
 |  0.000 |  0.000 |  0.000 |  0.000 || body.sub.8.res.0.bias
 |  0.000 | -0.083 |  0.095 |  0.025 || body.sub.8.res.1.weight
 |  0.000 |  0.000 |  0.000 |  0.000 || body.sub.8.res.1.bias
 |  0.001 | -0.066 |  0.087 |  0.025 || body.sub.8.res.3.weight
 |  0.000 |  0.000 |  0.000 |  0.000 || body.sub.8.res.3.bias
 |  0.001 | -0.097 |  0.087 |  0.025 || body.sub.8.res.4.weight
 |  0.000 |  0.000 |  0.000 |  0.000 || body.sub.8.res.4.bias
 | -0.000 | -0.081 |  0.067 |  0.025 || body.sub.9.res.0.weight
 |  0.000 |  0.000 |  0.000 |  0.000 || body.sub.9.res.0.bias
 |  0.000 | -0.081 |  0.093 |  0.025 || body.sub.9.res.1.weight
 |  0.000 |  0.000 |  0.000 |  0.000 || body.sub.9.res.1.bias
 | -0.001 | -0.085 |  0.067 |  0.025 || body.sub.9.res.3.weight
 |  0.000 |  0.000 |  0.000 |  0.000 || body.sub.9.res.3.bias
 |  0.000 | -0.086 |  0.083 |  0.025 || body.sub.9.res.4.weight
 |  0.000 |  0.000 |  0.000 |  0.000 || body.sub.9.res.4.bias
 |  0.001 | -0.070 |  0.062 |  0.025 || body.sub.10.res.0.weight
 |  0.000 |  0.000 |  0.000 |  0.000 || body.sub.10.res.0.bias
 |  0.000 | -0.090 |  0.081 |  0.025 || body.sub.10.res.1.weight
 |  0.000 |  0.000 |  0.000 |  0.000 || body.sub.10.res.1.bias
 | -0.002 | -0.074 |  0.076 |  0.025 || body.sub.10.res.3.weight
 |  0.000 |  0.000 |  0.000 |  0.000 || body.sub.10.res.3.bias
 |  0.000 | -0.085 |  0.089 |  0.025 || body.sub.10.res.4.weight
 |  0.000 |  0.000 |  0.000 |  0.000 || body.sub.10.res.4.bias
 | -0.001 | -0.063 |  0.089 |  0.025 || body.sub.11.res.0.weight
 |  0.000 |  0.000 |  0.000 |  0.000 || body.sub.11.res.0.bias
 |  0.000 | -0.087 |  0.090 |  0.025 || body.sub.11.res.1.weight
 |  0.000 |  0.000 |  0.000 |  0.000 || body.sub.11.res.1.bias
 | -0.000 | -0.075 |  0.068 |  0.025 || body.sub.11.res.3.weight
 |  0.000 |  0.000 |  0.000 |  0.000 || body.sub.11.res.3.bias
 | -0.001 | -0.092 |  0.081 |  0.025 || body.sub.11.res.4.weight
 |  0.000 |  0.000 |  0.000 |  0.000 || body.sub.11.res.4.bias
 | -0.001 | -0.086 |  0.078 |  0.025 || body.sub.12.res.0.weight
 |  0.000 |  0.000 |  0.000 |  0.000 || body.sub.12.res.0.bias
 |  0.001 | -0.096 |  0.088 |  0.025 || body.sub.12.res.1.weight
 |  0.000 |  0.000 |  0.000 |  0.000 || body.sub.12.res.1.bias
 |  0.002 | -0.060 |  0.069 |  0.025 || body.sub.12.res.3.weight
 |  0.000 |  0.000 |  0.000 |  0.000 || body.sub.12.res.3.bias
 |  0.000 | -0.083 |  0.094 |  0.025 || body.sub.12.res.4.weight
 |  0.000 |  0.000 |  0.000 |  0.000 || body.sub.12.res.4.bias
 |  0.001 | -0.065 |  0.076 |  0.025 || body.sub.13.res.0.weight
 |  0.000 |  0.000 |  0.000 |  0.000 || body.sub.13.res.0.bias
 | -0.000 | -0.081 |  0.089 |  0.025 || body.sub.13.res.1.weight
 |  0.000 |  0.000 |  0.000 |  0.000 || body.sub.13.res.1.bias
 | -0.001 | -0.075 |  0.077 |  0.025 || body.sub.13.res.3.weight
 |  0.000 |  0.000 |  0.000 |  0.000 || body.sub.13.res.3.bias
 |  0.000 | -0.083 |  0.085 |  0.025 || body.sub.13.res.4.weight
 |  0.000 |  0.000 |  0.000 |  0.000 || body.sub.13.res.4.bias
 |  0.001 | -0.086 |  0.085 |  0.025 || body.sub.14.res.0.weight
 |  0.000 |  0.000 |  0.000 |  0.000 || body.sub.14.res.0.bias
 | -0.000 | -0.094 |  0.079 |  0.025 || body.sub.14.res.1.weight
 |  0.000 |  0.000 |  0.000 |  0.000 || body.sub.14.res.1.bias
 |  0.001 | -0.070 |  0.086 |  0.025 || body.sub.14.res.3.weight
 |  0.000 |  0.000 |  0.000 |  0.000 || body.sub.14.res.3.bias
 | -0.000 | -0.078 |  0.091 |  0.025 || body.sub.14.res.4.weight
 |  0.000 |  0.000 |  0.000 |  0.000 || body.sub.14.res.4.bias
 | -0.001 | -0.078 |  0.073 |  0.025 || body.sub.15.res.0.weight
 |  0.000 |  0.000 |  0.000 |  0.000 || body.sub.15.res.0.bias
 | -0.000 | -0.088 |  0.090 |  0.025 || body.sub.15.res.1.weight
 |  0.000 |  0.000 |  0.000 |  0.000 || body.sub.15.res.1.bias
 |  0.002 | -0.076 |  0.069 |  0.025 || body.sub.15.res.3.weight
 |  0.000 |  0.000 |  0.000 |  0.000 || body.sub.15.res.3.bias
 | -0.000 | -0.088 |  0.082 |  0.025 || body.sub.15.res.4.weight
 |  0.000 |  0.000 |  0.000 |  0.000 || body.sub.15.res.4.bias
 | -0.000 | -0.040 |  0.031 |  0.008 || body.sub.16.weight
 |  0.000 |  0.000 |  0.000 |  0.000 || body.sub.16.bias
 |  0.000 | -0.032 |  0.035 |  0.008 || tail.1.weight
 |  0.000 |  0.000 |  0.000 |  0.000 || tail.1.bias
 |  0.000 | -0.035 |  0.036 |  0.008 || tail.3.weight
 |  0.000 |  0.000 |  0.000 |  0.000 || tail.3.bias
 |  0.000 | -0.027 |  0.025 |  0.008 || tail.5.weight
 | -0.000 | -0.060 |  0.061 |  0.018 || copress.weight
 |  0.000 |  0.000 |  0.000 |  0.000 || copress.bias

25-10-19 02:28:58.885 :   task: 0529msrresnet_gan_kd_x2_s4_for nc128 le-4 IR 20000
  model: gan
  gpu_ids: [0]
  scale: 2
  n_channels: 1
  sigma: [0, 50]
  sigma_test: 0
  merge_bn: False
  merge_bn_startpoint: 400000
  path:[
    root: superresolution
    pretrained_netG: None
    pretrained_netD: None
    task: superresolution/0529msrresnet_gan_kd_x2_s4_for nc128 le-4 IR 20000
    log: superresolution/0529msrresnet_gan_kd_x2_s4_for nc128 le-4 IR 20000
    options: superresolution/0529msrresnet_gan_kd_x2_s4_for nc128 le-4 IR 20000/options
    models: superresolution/0529msrresnet_gan_kd_x2_s4_for nc128 le-4 IR 20000/models
    images: superresolution/0529msrresnet_gan_kd_x2_s4_for nc128 le-4 IR 20000/images
  ]
  datasets:[
    train:[
      name: train_dataset
      dataset_type: sr
      dataroot_H: /home/pamasi/deep_learning/ir/dataset_sr/dataset_CIDIS_sisr_x8/thermal/train/GT
      dataroot_L: /home/pamasi/deep_learning/ir/dataset_sr/dataset_CIDIS_sisr_x8/thermal/train/LR_x8
      H_size: 64
      dataloader_shuffle: True
      dataloader_num_workers: 8
      dataloader_batch_size: 32
      phase: train
      scale: 2
      n_channels: 1
    ]
    test:[
      name: test_dataset
      dataset_type: sr
      dataroot_H: /home/pamasi/deep_learning/ir/dataset_sr/dataset_CIDIS_sisr_x8/thermal/val/GT
      dataroot_L: /home/pamasi/deep_learning/ir/dataset_sr/dataset_CIDIS_sisr_x8/thermal/val/LR_x8
      phase: test
      scale: 2
      n_channels: 1
    ]
  ]
  netG:[
    net_type: msrresnet0
    en_net_type: D_msrresnet0
    enhance: no_enhance
    in_nc: 3
    out_nc: 3
    nc: 64
    nb: 16
    gc: 32
    ng: 2
    reduction: 16
    act_mode: R
    upsample_mode: upconv
    downsample_mode: strideconv
    init_type: orthogonal
    init_bn_type: uniform
    init_gain: 0.2
    scale: 2
  ]
  netD:[
    net_type: discriminator_vgg_96
    in_nc: 3
    act_mode: BL
    base_nc: 64
    init_type: orthogonal
    init_bn_type: uniform
    init_gain: 0.2
  ]
  train:[
    G_lossfn_type: l1
    G_lossfn_weight: 0.01
    F_lossfn_type: l1
    F_lossfn_weight: 1
    gan_type: ragan
    D_lossfn_weight: 0.005
    D_init_iters: 0
    G_optimizer_type: adam
    G_optimizer_lr: 0.0001
    G_optimizer_wd: 0
    D_optimizer_type: adam
    D_optimizer_lr: 0.0001
    D_optimizer_wd: 0
    G_scheduler_type: MultiStepLR
    G_scheduler_milestones: [100000, 200000, 1200000, 2000000]
    G_scheduler_gamma: 0.5
    D_scheduler_type: MultiStepLR
    D_scheduler_milestones: [100000, 200000, 1200000, 2000000]
    D_scheduler_gamma: 0.5
    checkpoint_test: 5000
    checkpoint_save: 5000
    checkpoint_print: 200
  ]
  opt_path: options/train_kdsrgan.json
  is_train: True

25-10-19 02:28:58.885 : Random seed: 6819
25-10-19 02:28:58.889 : Number of train images: 700, iters: 22
25-10-19 02:29:02.110 : 
Networks name: D_msrresnet0
Params number: 312736
Net structure:
D_msrresnet0(
  (KD): KDB(
    (c1_d): Sequential(
      (0): Conv2d(64, 64, kernel_size=(1, 1), stride=(1, 1), groups=64)
      (1): Conv2d(64, 32, kernel_size=(1, 1), stride=(1, 1))
    )
    (c1_r): Sequential(
      (0): Conv2d(64, 64, kernel_size=(3, 3), stride=(1, 1), padding=(1, 1), groups=64)
      (1): Conv2d(64, 64, kernel_size=(1, 1), stride=(1, 1))
    )
    (c2_d): Sequential(
      (0): Conv2d(64, 64, kernel_size=(1, 1), stride=(1, 1), groups=64)
      (1): Conv2d(64, 32, kernel_size=(1, 1), stride=(1, 1))
    )
    (c2_r): Sequential(
      (0): Conv2d(64, 64, kernel_size=(3, 3), stride=(1, 1), padding=(1, 1), groups=64)
      (1): Conv2d(64, 64, kernel_size=(1, 1), stride=(1, 1))
    )
    (c3_d): Sequential(
      (0): Conv2d(64, 64, kernel_size=(1, 1), stride=(1, 1), groups=64)
      (1): Conv2d(64, 32, kernel_size=(1, 1), stride=(1, 1))
    )
    (c3_r): Sequential(
      (0): Conv2d(64, 64, kernel_size=(3, 3), stride=(1, 1), padding=(1, 1), groups=64)
      (1): Conv2d(64, 64, kernel_size=(1, 1), stride=(1, 1))
    )
    (c4): Sequential(
      (0): Conv2d(64, 64, kernel_size=(3, 3), stride=(1, 1), padding=(1, 1), groups=64)
      (1): Conv2d(64, 32, kernel_size=(1, 1), stride=(1, 1))
    )
    (act): LeakyReLU(negative_slope=0.05, inplace=True)
    (c5): Sequential(
      (0): Conv2d(128, 128, kernel_size=(1, 1), stride=(1, 1), groups=128)
      (1): Conv2d(128, 64, kernel_size=(1, 1), stride=(1, 1))
    )
    (esa): ESA(
      (conv1): Sequential(
        (0): Conv2d(64, 64, kernel_size=(1, 1), stride=(1, 1), groups=64)
        (1): Conv2d(64, 16, kernel_size=(1, 1), stride=(1, 1))
      )
      (conv_f): Sequential(
        (0): Conv2d(16, 16, kernel_size=(1, 1), stride=(1, 1), groups=16)
        (1): Conv2d(16, 16, kernel_size=(1, 1), stride=(1, 1))
      )
      (conv_max): Sequential(
        (0): Conv2d(16, 16, kernel_size=(3, 3), stride=(1, 1), padding=(1, 1), groups=16)
        (1): Conv2d(16, 16, kernel_size=(1, 1), stride=(1, 1))
      )
      (conv2): Sequential(
        (0): Conv2d(16, 16, kernel_size=(3, 3), stride=(2, 2), padding=(1, 1), groups=16)
        (1): Conv2d(16, 16, kernel_size=(1, 1), stride=(1, 1))
      )
      (conv3): Sequential(
        (0): Conv2d(16, 16, kernel_size=(3, 3), stride=(1, 1), padding=(1, 1), groups=16)
        (1): Conv2d(16, 16, kernel_size=(1, 1), stride=(1, 1))
      )
      (conv3_): Sequential(
        (0): Conv2d(16, 16, kernel_size=(3, 3), stride=(1, 1), padding=(1, 1), groups=16)
        (1): Conv2d(16, 16, kernel_size=(1, 1), stride=(1, 1))
      )
      (conv4): Sequential(
        (0): Conv2d(16, 16, kernel_size=(1, 1), stride=(1, 1), groups=16)
        (1): Conv2d(16, 64, kernel_size=(1, 1), stride=(1, 1))
      )
      (sigmoid): Sigmoid()
      (relu): ReLU(inplace=True)
    )
  )
  (head): Conv2d(3, 64, kernel_size=(3, 3), stride=(1, 1), padding=(1, 1))
  (body): Identity + 
  |Sequential(
  |  (0): ResBlock(
  |    (res): Sequential(
  |      (0): Conv2d(64, 64, kernel_size=(3, 3), stride=(1, 1), padding=(1, 1), groups=64)
  |      (1): Conv2d(64, 64, kernel_size=(1, 1), stride=(1, 1))
  |      (2): ReLU(inplace=True)
  |      (3): Conv2d(64, 64, kernel_size=(3, 3), stride=(1, 1), padding=(1, 1), groups=64)
  |      (4): Conv2d(64, 64, kernel_size=(1, 1), stride=(1, 1))
  |    )
  |  )
  |  (1): ResBlock(
  |    (res): Sequential(
  |      (0): Conv2d(64, 64, kernel_size=(3, 3), stride=(1, 1), padding=(1, 1), groups=64)
  |      (1): Conv2d(64, 64, kernel_size=(1, 1), stride=(1, 1))
  |      (2): ReLU(inplace=True)
  |      (3): Conv2d(64, 64, kernel_size=(3, 3), stride=(1, 1), padding=(1, 1), groups=64)
  |      (4): Conv2d(64, 64, kernel_size=(1, 1), stride=(1, 1))
  |    )
  |  )
  |  (2): ResBlock(
  |    (res): Sequential(
  |      (0): Conv2d(64, 64, kernel_size=(3, 3), stride=(1, 1), padding=(1, 1), groups=64)
  |      (1): Conv2d(64, 64, kernel_size=(1, 1), stride=(1, 1))
  |      (2): ReLU(inplace=True)
  |      (3): Conv2d(64, 64, kernel_size=(3, 3), stride=(1, 1), padding=(1, 1), groups=64)
  |      (4): Conv2d(64, 64, kernel_size=(1, 1), stride=(1, 1))
  |    )
  |  )
  |  (3): ResBlock(
  |    (res): Sequential(
  |      (0): Conv2d(64, 64, kernel_size=(3, 3), stride=(1, 1), padding=(1, 1), groups=64)
  |      (1): Conv2d(64, 64, kernel_size=(1, 1), stride=(1, 1))
  |      (2): ReLU(inplace=True)
  |      (3): Conv2d(64, 64, kernel_size=(3, 3), stride=(1, 1), padding=(1, 1), groups=64)
  |      (4): Conv2d(64, 64, kernel_size=(1, 1), stride=(1, 1))
  |    )
  |  )
  |  (4): ResBlock(
  |    (res): Sequential(
  |      (0): Conv2d(64, 64, kernel_size=(3, 3), stride=(1, 1), padding=(1, 1), groups=64)
  |      (1): Conv2d(64, 64, kernel_size=(1, 1), stride=(1, 1))
  |      (2): ReLU(inplace=True)
  |      (3): Conv2d(64, 64, kernel_size=(3, 3), stride=(1, 1), padding=(1, 1), groups=64)
  |      (4): Conv2d(64, 64, kernel_size=(1, 1), stride=(1, 1))
  |    )
  |  )
  |  (5): ResBlock(
  |    (res): Sequential(
  |      (0): Conv2d(64, 64, kernel_size=(3, 3), stride=(1, 1), padding=(1, 1), groups=64)
  |      (1): Conv2d(64, 64, kernel_size=(1, 1), stride=(1, 1))
  |      (2): ReLU(inplace=True)
  |      (3): Conv2d(64, 64, kernel_size=(3, 3), stride=(1, 1), padding=(1, 1), groups=64)
  |      (4): Conv2d(64, 64, kernel_size=(1, 1), stride=(1, 1))
  |    )
  |  )
  |  (6): ResBlock(
  |    (res): Sequential(
  |      (0): Conv2d(64, 64, kernel_size=(3, 3), stride=(1, 1), padding=(1, 1), groups=64)
  |      (1): Conv2d(64, 64, kernel_size=(1, 1), stride=(1, 1))
  |      (2): ReLU(inplace=True)
  |      (3): Conv2d(64, 64, kernel_size=(3, 3), stride=(1, 1), padding=(1, 1), groups=64)
  |      (4): Conv2d(64, 64, kernel_size=(1, 1), stride=(1, 1))
  |    )
  |  )
  |  (7): ResBlock(
  |    (res): Sequential(
  |      (0): Conv2d(64, 64, kernel_size=(3, 3), stride=(1, 1), padding=(1, 1), groups=64)
  |      (1): Conv2d(64, 64, kernel_size=(1, 1), stride=(1, 1))
  |      (2): ReLU(inplace=True)
  |      (3): Conv2d(64, 64, kernel_size=(3, 3), stride=(1, 1), padding=(1, 1), groups=64)
  |      (4): Conv2d(64, 64, kernel_size=(1, 1), stride=(1, 1))
  |    )
  |  )
  |  (8): ResBlock(
  |    (res): Sequential(
  |      (0): Conv2d(64, 64, kernel_size=(3, 3), stride=(1, 1), padding=(1, 1), groups=64)
  |      (1): Conv2d(64, 64, kernel_size=(1, 1), stride=(1, 1))
  |      (2): ReLU(inplace=True)
  |      (3): Conv2d(64, 64, kernel_size=(3, 3), stride=(1, 1), padding=(1, 1), groups=64)
  |      (4): Conv2d(64, 64, kernel_size=(1, 1), stride=(1, 1))
  |    )
  |  )
  |  (9): ResBlock(
  |    (res): Sequential(
  |      (0): Conv2d(64, 64, kernel_size=(3, 3), stride=(1, 1), padding=(1, 1), groups=64)
  |      (1): Conv2d(64, 64, kernel_size=(1, 1), stride=(1, 1))
  |      (2): ReLU(inplace=True)
  |      (3): Conv2d(64, 64, kernel_size=(3, 3), stride=(1, 1), padding=(1, 1), groups=64)
  |      (4): Conv2d(64, 64, kernel_size=(1, 1), stride=(1, 1))
  |    )
  |  )
  |  (10): ResBlock(
  |    (res): Sequential(
  |      (0): Conv2d(64, 64, kernel_size=(3, 3), stride=(1, 1), padding=(1, 1), groups=64)
  |      (1): Conv2d(64, 64, kernel_size=(1, 1), stride=(1, 1))
  |      (2): ReLU(inplace=True)
  |      (3): Conv2d(64, 64, kernel_size=(3, 3), stride=(1, 1), padding=(1, 1), groups=64)
  |      (4): Conv2d(64, 64, kernel_size=(1, 1), stride=(1, 1))
  |    )
  |  )
  |  (11): ResBlock(
  |    (res): Sequential(
  |      (0): Conv2d(64, 64, kernel_size=(3, 3), stride=(1, 1), padding=(1, 1), groups=64)
  |      (1): Conv2d(64, 64, kernel_size=(1, 1), stride=(1, 1))
  |      (2): ReLU(inplace=True)
  |      (3): Conv2d(64, 64, kernel_size=(3, 3), stride=(1, 1), padding=(1, 1), groups=64)
  |      (4): Conv2d(64, 64, kernel_size=(1, 1), stride=(1, 1))
  |    )
  |  )
  |  (12): ResBlock(
  |    (res): Sequential(
  |      (0): Conv2d(64, 64, kernel_size=(3, 3), stride=(1, 1), padding=(1, 1), groups=64)
  |      (1): Conv2d(64, 64, kernel_size=(1, 1), stride=(1, 1))
  |      (2): ReLU(inplace=True)
  |      (3): Conv2d(64, 64, kernel_size=(3, 3), stride=(1, 1), padding=(1, 1), groups=64)
  |      (4): Conv2d(64, 64, kernel_size=(1, 1), stride=(1, 1))
  |    )
  |  )
  |  (13): ResBlock(
  |    (res): Sequential(
  |      (0): Conv2d(64, 64, kernel_size=(3, 3), stride=(1, 1), padding=(1, 1), groups=64)
  |      (1): Conv2d(64, 64, kernel_size=(1, 1), stride=(1, 1))
  |      (2): ReLU(inplace=True)
  |      (3): Conv2d(64, 64, kernel_size=(3, 3), stride=(1, 1), padding=(1, 1), groups=64)
  |      (4): Conv2d(64, 64, kernel_size=(1, 1), stride=(1, 1))
  |    )
  |  )
  |  (14): ResBlock(
  |    (res): Sequential(
  |      (0): Conv2d(64, 64, kernel_size=(3, 3), stride=(1, 1), padding=(1, 1), groups=64)
  |      (1): Conv2d(64, 64, kernel_size=(1, 1), stride=(1, 1))
  |      (2): ReLU(inplace=True)
  |      (3): Conv2d(64, 64, kernel_size=(3, 3), stride=(1, 1), padding=(1, 1), groups=64)
  |      (4): Conv2d(64, 64, kernel_size=(1, 1), stride=(1, 1))
  |    )
  |  )
  |  (15): ResBlock(
  |    (res): Sequential(
  |      (0): Conv2d(64, 64, kernel_size=(3, 3), stride=(1, 1), padding=(1, 1), groups=64)
  |      (1): Conv2d(64, 64, kernel_size=(1, 1), stride=(1, 1))
  |      (2): ReLU(inplace=True)
  |      (3): Conv2d(64, 64, kernel_size=(3, 3), stride=(1, 1), padding=(1, 1), groups=64)
  |      (4): Conv2d(64, 64, kernel_size=(1, 1), stride=(1, 1))
  |    )
  |  )
  |  (16): Conv2d(64, 64, kernel_size=(3, 3), stride=(1, 1), padding=(1, 1))
  |)
  (tail): Sequential(
    (0): Upsample(scale_factor=2.0, mode='nearest')
    (1): Conv2d(64, 64, kernel_size=(3, 3), stride=(1, 1), padding=(1, 1))
    (2): ReLU(inplace=True)
    (3): Conv2d(64, 64, kernel_size=(3, 3), stride=(1, 1), padding=(1, 1))
    (4): ReLU(inplace=True)
    (5): Conv2d(64, 3, kernel_size=(3, 3), stride=(1, 1), padding=(1, 1), bias=False)
  )
  (copress): Conv2d(128, 64, kernel_size=(1, 1), stride=(1, 1))
)

Networks name: Discriminator_VGG_96
Params number: 14143881
Net structure:
Discriminator_VGG_96(
  (features): Sequential(
    (0): Conv2d(3, 64, kernel_size=(3, 3), stride=(1, 1), padding=(1, 1))
    (1): Conv2d(64, 64, kernel_size=(4, 4), stride=(2, 2), padding=(1, 1))
    (2): BatchNorm2d(64, eps=0.0001, momentum=0.9, affine=True, track_running_stats=True)
    (3): LeakyReLU(negative_slope=0.2, inplace=True)
    (4): Conv2d(64, 128, kernel_size=(3, 3), stride=(1, 1), padding=(1, 1))
    (5): BatchNorm2d(128, eps=0.0001, momentum=0.9, affine=True, track_running_stats=True)
    (6): LeakyReLU(negative_slope=0.2, inplace=True)
    (7): Conv2d(128, 128, kernel_size=(4, 4), stride=(2, 2), padding=(1, 1))
    (8): BatchNorm2d(128, eps=0.0001, momentum=0.9, affine=True, track_running_stats=True)
    (9): LeakyReLU(negative_slope=0.2, inplace=True)
    (10): Conv2d(128, 256, kernel_size=(3, 3), stride=(1, 1), padding=(1, 1))
    (11): BatchNorm2d(256, eps=0.0001, momentum=0.9, affine=True, track_running_stats=True)
    (12): LeakyReLU(negative_slope=0.2, inplace=True)
    (13): Conv2d(256, 256, kernel_size=(4, 4), stride=(2, 2), padding=(1, 1))
    (14): BatchNorm2d(256, eps=0.0001, momentum=0.9, affine=True, track_running_stats=True)
    (15): LeakyReLU(negative_slope=0.2, inplace=True)
    (16): Conv2d(256, 512, kernel_size=(3, 3), stride=(1, 1), padding=(1, 1))
    (17): BatchNorm2d(512, eps=0.0001, momentum=0.9, affine=True, track_running_stats=True)
    (18): LeakyReLU(negative_slope=0.2, inplace=True)
    (19): Conv2d(512, 512, kernel_size=(4, 4), stride=(2, 2), padding=(1, 1))
    (20): BatchNorm2d(512, eps=0.0001, momentum=0.9, affine=True, track_running_stats=True)
    (21): LeakyReLU(negative_slope=0.2, inplace=True)
    (22): Conv2d(512, 512, kernel_size=(3, 3), stride=(1, 1), padding=(1, 1))
    (23): BatchNorm2d(512, eps=0.0001, momentum=0.9, affine=True, track_running_stats=True)
    (24): LeakyReLU(negative_slope=0.2, inplace=True)
    (25): Conv2d(512, 512, kernel_size=(4, 4), stride=(2, 2), padding=(1, 1))
    (26): BatchNorm2d(512, eps=0.0001, momentum=0.9, affine=True, track_running_stats=True)
    (27): LeakyReLU(negative_slope=0.2, inplace=True)
  )
  (classifier): Sequential(
    (0): Linear(in_features=4608, out_features=100, bias=True)
    (1): LeakyReLU(negative_slope=0.2, inplace=True)
    (2): Linear(in_features=100, out_features=1, bias=True)
  )
)

Networks name: VGGFeatureExtractor
Params number: 20024384
Net structure:
VGGFeatureExtractor(
  (features): Sequential(
    (0): Conv2d(3, 64, kernel_size=(3, 3), stride=(1, 1), padding=(1, 1))
    (1): ReLU(inplace=True)
    (2): Conv2d(64, 64, kernel_size=(3, 3), stride=(1, 1), padding=(1, 1))
    (3): ReLU(inplace=True)
    (4): MaxPool2d(kernel_size=2, stride=2, padding=0, dilation=1, ceil_mode=False)
    (5): Conv2d(64, 128, kernel_size=(3, 3), stride=(1, 1), padding=(1, 1))
    (6): ReLU(inplace=True)
    (7): Conv2d(128, 128, kernel_size=(3, 3), stride=(1, 1), padding=(1, 1))
    (8): ReLU(inplace=True)
    (9): MaxPool2d(kernel_size=2, stride=2, padding=0, dilation=1, ceil_mode=False)
    (10): Conv2d(128, 256, kernel_size=(3, 3), stride=(1, 1), padding=(1, 1))
    (11): ReLU(inplace=True)
    (12): Conv2d(256, 256, kernel_size=(3, 3), stride=(1, 1), padding=(1, 1))
    (13): ReLU(inplace=True)
    (14): Conv2d(256, 256, kernel_size=(3, 3), stride=(1, 1), padding=(1, 1))
    (15): ReLU(inplace=True)
    (16): Conv2d(256, 256, kernel_size=(3, 3), stride=(1, 1), padding=(1, 1))
    (17): ReLU(inplace=True)
    (18): MaxPool2d(kernel_size=2, stride=2, padding=0, dilation=1, ceil_mode=False)
    (19): Conv2d(256, 512, kernel_size=(3, 3), stride=(1, 1), padding=(1, 1))
    (20): ReLU(inplace=True)
    (21): Conv2d(512, 512, kernel_size=(3, 3), stride=(1, 1), padding=(1, 1))
    (22): ReLU(inplace=True)
    (23): Conv2d(512, 512, kernel_size=(3, 3), stride=(1, 1), padding=(1, 1))
    (24): ReLU(inplace=True)
    (25): Conv2d(512, 512, kernel_size=(3, 3), stride=(1, 1), padding=(1, 1))
    (26): ReLU(inplace=True)
    (27): MaxPool2d(kernel_size=2, stride=2, padding=0, dilation=1, ceil_mode=False)
    (28): Conv2d(512, 512, kernel_size=(3, 3), stride=(1, 1), padding=(1, 1))
    (29): ReLU(inplace=True)
    (30): Conv2d(512, 512, kernel_size=(3, 3), stride=(1, 1), padding=(1, 1))
    (31): ReLU(inplace=True)
    (32): Conv2d(512, 512, kernel_size=(3, 3), stride=(1, 1), padding=(1, 1))
    (33): ReLU(inplace=True)
    (34): Conv2d(512, 512, kernel_size=(3, 3), stride=(1, 1), padding=(1, 1))
  )
)

25-10-19 02:29:02.215 : 
 |  mean  |  min   |  max   |  std   || param_name          
 | -0.003 | -0.080 |  0.062 |  0.025 || KD.c1_d.0.weight
 |  0.000 |  0.000 |  0.000 |  0.000 || KD.c1_d.0.bias
 |  0.000 | -0.097 |  0.078 |  0.025 || KD.c1_d.1.weight
 |  0.000 |  0.000 |  0.000 |  0.000 || KD.c1_d.1.bias
 | -0.000 | -0.071 |  0.091 |  0.025 || KD.c1_r.0.weight
 |  0.000 |  0.000 |  0.000 |  0.000 || KD.c1_r.0.bias
 | -0.000 | -0.081 |  0.092 |  0.025 || KD.c1_r.1.weight
 |  0.000 |  0.000 |  0.000 |  0.000 || KD.c1_r.1.bias
 | -0.002 | -0.067 |  0.051 |  0.025 || KD.c2_d.0.weight
 |  0.000 |  0.000 |  0.000 |  0.000 || KD.c2_d.0.bias
 | -0.001 | -0.074 |  0.078 |  0.025 || KD.c2_d.1.weight
 |  0.000 |  0.000 |  0.000 |  0.000 || KD.c2_d.1.bias
 |  0.002 | -0.065 |  0.070 |  0.025 || KD.c2_r.0.weight
 |  0.000 |  0.000 |  0.000 |  0.000 || KD.c2_r.0.bias
 |  0.001 | -0.090 |  0.080 |  0.025 || KD.c2_r.1.weight
 |  0.000 |  0.000 |  0.000 |  0.000 || KD.c2_r.1.bias
 | -0.002 | -0.066 |  0.070 |  0.025 || KD.c3_d.0.weight
 |  0.000 |  0.000 |  0.000 |  0.000 || KD.c3_d.0.bias
 |  0.000 | -0.069 |  0.081 |  0.025 || KD.c3_d.1.weight
 |  0.000 |  0.000 |  0.000 |  0.000 || KD.c3_d.1.bias
 |  0.000 | -0.066 |  0.071 |  0.025 || KD.c3_r.0.weight
 |  0.000 |  0.000 |  0.000 |  0.000 || KD.c3_r.0.bias
 |  0.001 | -0.081 |  0.081 |  0.025 || KD.c3_r.1.weight
 |  0.000 |  0.000 |  0.000 |  0.000 || KD.c3_r.1.bias
 | -0.000 | -0.075 |  0.074 |  0.025 || KD.c4.0.weight
 |  0.000 |  0.000 |  0.000 |  0.000 || KD.c4.0.bias
 |  0.000 | -0.090 |  0.087 |  0.025 || KD.c4.1.weight
 |  0.000 |  0.000 |  0.000 |  0.000 || KD.c4.1.bias
 |  0.001 | -0.057 |  0.041 |  0.018 || KD.c5.0.weight
 |  0.000 |  0.000 |  0.000 |  0.000 || KD.c5.0.bias
 |  0.000 | -0.071 |  0.061 |  0.018 || KD.c5.1.weight
 |  0.000 |  0.000 |  0.000 |  0.000 || KD.c5.1.bias
 | -0.001 | -0.053 |  0.067 |  0.025 || KD.esa.conv1.0.weight
 |  0.000 |  0.000 |  0.000 |  0.000 || KD.esa.conv1.0.bias
 |  0.000 | -0.085 |  0.092 |  0.025 || KD.esa.conv1.1.weight
 |  0.000 |  0.000 |  0.000 |  0.000 || KD.esa.conv1.1.bias
 | -0.017 | -0.108 |  0.086 |  0.049 || KD.esa.conv_f.0.weight
 |  0.000 |  0.000 |  0.000 |  0.000 || KD.esa.conv_f.0.bias
 | -0.003 | -0.108 |  0.142 |  0.050 || KD.esa.conv_f.1.weight
 |  0.000 |  0.000 |  0.000 |  0.000 || KD.esa.conv_f.1.bias
 |  0.004 | -0.093 |  0.143 |  0.050 || KD.esa.conv_max.0.weight
 |  0.000 |  0.000 |  0.000 |  0.000 || KD.esa.conv_max.0.bias
 |  0.002 | -0.121 |  0.124 |  0.050 || KD.esa.conv_max.1.weight
 |  0.000 |  0.000 |  0.000 |  0.000 || KD.esa.conv_max.1.bias
 |  0.005 | -0.116 |  0.120 |  0.050 || KD.esa.conv2.0.weight
 |  0.000 |  0.000 |  0.000 |  0.000 || KD.esa.conv2.0.bias
 |  0.003 | -0.109 |  0.156 |  0.050 || KD.esa.conv2.1.weight
 |  0.000 |  0.000 |  0.000 |  0.000 || KD.esa.conv2.1.bias
 | -0.001 | -0.131 |  0.128 |  0.050 || KD.esa.conv3.0.weight
 |  0.000 |  0.000 |  0.000 |  0.000 || KD.esa.conv3.0.bias
 |  0.005 | -0.137 |  0.117 |  0.050 || KD.esa.conv3.1.weight
 |  0.000 |  0.000 |  0.000 |  0.000 || KD.esa.conv3.1.bias
 | -0.003 | -0.108 |  0.135 |  0.050 || KD.esa.conv3_.0.weight
 |  0.000 |  0.000 |  0.000 |  0.000 || KD.esa.conv3_.0.bias
 | -0.006 | -0.145 |  0.115 |  0.050 || KD.esa.conv3_.1.weight
 |  0.000 |  0.000 |  0.000 |  0.000 || KD.esa.conv3_.1.bias
 |  0.015 | -0.073 |  0.101 |  0.049 || KD.esa.conv4.0.weight
 |  0.000 |  0.000 |  0.000 |  0.000 || KD.esa.conv4.0.bias
 | -0.000 | -0.081 |  0.093 |  0.025 || KD.esa.conv4.1.weight
 |  0.000 |  0.000 |  0.000 |  0.000 || KD.esa.conv4.1.bias
 |  0.000 | -0.091 |  0.084 |  0.025 || head.weight
 |  0.000 |  0.000 |  0.000 |  0.000 || head.bias
 |  0.000 | -0.065 |  0.082 |  0.025 || body.sub.0.res.0.weight
 |  0.000 |  0.000 |  0.000 |  0.000 || body.sub.0.res.0.bias
 | -0.000 | -0.091 |  0.079 |  0.025 || body.sub.0.res.1.weight
 |  0.000 |  0.000 |  0.000 |  0.000 || body.sub.0.res.1.bias
 | -0.001 | -0.072 |  0.066 |  0.025 || body.sub.0.res.3.weight
 |  0.000 |  0.000 |  0.000 |  0.000 || body.sub.0.res.3.bias
 | -0.001 | -0.086 |  0.078 |  0.025 || body.sub.0.res.4.weight
 |  0.000 |  0.000 |  0.000 |  0.000 || body.sub.0.res.4.bias
 |  0.000 | -0.079 |  0.072 |  0.025 || body.sub.1.res.0.weight
 |  0.000 |  0.000 |  0.000 |  0.000 || body.sub.1.res.0.bias
 |  0.000 | -0.090 |  0.090 |  0.025 || body.sub.1.res.1.weight
 |  0.000 |  0.000 |  0.000 |  0.000 || body.sub.1.res.1.bias
 | -0.000 | -0.086 |  0.084 |  0.025 || body.sub.1.res.3.weight
 |  0.000 |  0.000 |  0.000 |  0.000 || body.sub.1.res.3.bias
 | -0.000 | -0.085 |  0.095 |  0.025 || body.sub.1.res.4.weight
 |  0.000 |  0.000 |  0.000 |  0.000 || body.sub.1.res.4.bias
 |  0.000 | -0.087 |  0.075 |  0.025 || body.sub.2.res.0.weight
 |  0.000 |  0.000 |  0.000 |  0.000 || body.sub.2.res.0.bias
 |  0.000 | -0.083 |  0.083 |  0.025 || body.sub.2.res.1.weight
 |  0.000 |  0.000 |  0.000 |  0.000 || body.sub.2.res.1.bias
 | -0.000 | -0.080 |  0.081 |  0.025 || body.sub.2.res.3.weight
 |  0.000 |  0.000 |  0.000 |  0.000 || body.sub.2.res.3.bias
 |  0.001 | -0.093 |  0.081 |  0.025 || body.sub.2.res.4.weight
 |  0.000 |  0.000 |  0.000 |  0.000 || body.sub.2.res.4.bias
 |  0.000 | -0.075 |  0.072 |  0.025 || body.sub.3.res.0.weight
 |  0.000 |  0.000 |  0.000 |  0.000 || body.sub.3.res.0.bias
 |  0.000 | -0.078 |  0.093 |  0.025 || body.sub.3.res.1.weight
 |  0.000 |  0.000 |  0.000 |  0.000 || body.sub.3.res.1.bias
 | -0.001 | -0.078 |  0.075 |  0.025 || body.sub.3.res.3.weight
 |  0.000 |  0.000 |  0.000 |  0.000 || body.sub.3.res.3.bias
 | -0.000 | -0.092 |  0.100 |  0.025 || body.sub.3.res.4.weight
 |  0.000 |  0.000 |  0.000 |  0.000 || body.sub.3.res.4.bias
 | -0.000 | -0.080 |  0.072 |  0.025 || body.sub.4.res.0.weight
 |  0.000 |  0.000 |  0.000 |  0.000 || body.sub.4.res.0.bias
 |  0.000 | -0.095 |  0.084 |  0.025 || body.sub.4.res.1.weight
 |  0.000 |  0.000 |  0.000 |  0.000 || body.sub.4.res.1.bias
 | -0.001 | -0.074 |  0.067 |  0.025 || body.sub.4.res.3.weight
 |  0.000 |  0.000 |  0.000 |  0.000 || body.sub.4.res.3.bias
 | -0.000 | -0.106 |  0.095 |  0.025 || body.sub.4.res.4.weight
 |  0.000 |  0.000 |  0.000 |  0.000 || body.sub.4.res.4.bias
 |  0.001 | -0.076 |  0.071 |  0.025 || body.sub.5.res.0.weight
 |  0.000 |  0.000 |  0.000 |  0.000 || body.sub.5.res.0.bias
 | -0.000 | -0.089 |  0.096 |  0.025 || body.sub.5.res.1.weight
 |  0.000 |  0.000 |  0.000 |  0.000 || body.sub.5.res.1.bias
 | -0.001 | -0.083 |  0.070 |  0.025 || body.sub.5.res.3.weight
 |  0.000 |  0.000 |  0.000 |  0.000 || body.sub.5.res.3.bias
 | -0.000 | -0.084 |  0.094 |  0.025 || body.sub.5.res.4.weight
 |  0.000 |  0.000 |  0.000 |  0.000 || body.sub.5.res.4.bias
 |  0.000 | -0.074 |  0.075 |  0.025 || body.sub.6.res.0.weight
 |  0.000 |  0.000 |  0.000 |  0.000 || body.sub.6.res.0.bias
 |  0.001 | -0.093 |  0.087 |  0.025 || body.sub.6.res.1.weight
 |  0.000 |  0.000 |  0.000 |  0.000 || body.sub.6.res.1.bias
 | -0.000 | -0.075 |  0.079 |  0.025 || body.sub.6.res.3.weight
 |  0.000 |  0.000 |  0.000 |  0.000 || body.sub.6.res.3.bias
 | -0.000 | -0.088 |  0.093 |  0.025 || body.sub.6.res.4.weight
 |  0.000 |  0.000 |  0.000 |  0.000 || body.sub.6.res.4.bias
 | -0.000 | -0.067 |  0.078 |  0.025 || body.sub.7.res.0.weight
 |  0.000 |  0.000 |  0.000 |  0.000 || body.sub.7.res.0.bias
 | -0.001 | -0.104 |  0.087 |  0.025 || body.sub.7.res.1.weight
 |  0.000 |  0.000 |  0.000 |  0.000 || body.sub.7.res.1.bias
 |  0.001 | -0.071 |  0.081 |  0.025 || body.sub.7.res.3.weight
 |  0.000 |  0.000 |  0.000 |  0.000 || body.sub.7.res.3.bias
 | -0.001 | -0.089 |  0.081 |  0.025 || body.sub.7.res.4.weight
 |  0.000 |  0.000 |  0.000 |  0.000 || body.sub.7.res.4.bias
 |  0.001 | -0.064 |  0.067 |  0.025 || body.sub.8.res.0.weight
 |  0.000 |  0.000 |  0.000 |  0.000 || body.sub.8.res.0.bias
 | -0.001 | -0.082 |  0.079 |  0.025 || body.sub.8.res.1.weight
 |  0.000 |  0.000 |  0.000 |  0.000 || body.sub.8.res.1.bias
 |  0.001 | -0.063 |  0.061 |  0.025 || body.sub.8.res.3.weight
 |  0.000 |  0.000 |  0.000 |  0.000 || body.sub.8.res.3.bias
 |  0.000 | -0.094 |  0.089 |  0.025 || body.sub.8.res.4.weight
 |  0.000 |  0.000 |  0.000 |  0.000 || body.sub.8.res.4.bias
 | -0.000 | -0.064 |  0.088 |  0.025 || body.sub.9.res.0.weight
 |  0.000 |  0.000 |  0.000 |  0.000 || body.sub.9.res.0.bias
 |  0.000 | -0.094 |  0.097 |  0.025 || body.sub.9.res.1.weight
 |  0.000 |  0.000 |  0.000 |  0.000 || body.sub.9.res.1.bias
 |  0.001 | -0.068 |  0.082 |  0.025 || body.sub.9.res.3.weight
 |  0.000 |  0.000 |  0.000 |  0.000 || body.sub.9.res.3.bias
 |  0.001 | -0.095 |  0.104 |  0.025 || body.sub.9.res.4.weight
 |  0.000 |  0.000 |  0.000 |  0.000 || body.sub.9.res.4.bias
 |  0.000 | -0.066 |  0.070 |  0.025 || body.sub.10.res.0.weight
 |  0.000 |  0.000 |  0.000 |  0.000 || body.sub.10.res.0.bias
 |  0.000 | -0.094 |  0.081 |  0.025 || body.sub.10.res.1.weight
 |  0.000 |  0.000 |  0.000 |  0.000 || body.sub.10.res.1.bias
 | -0.000 | -0.083 |  0.088 |  0.025 || body.sub.10.res.3.weight
 |  0.000 |  0.000 |  0.000 |  0.000 || body.sub.10.res.3.bias
 |  0.000 | -0.093 |  0.083 |  0.025 || body.sub.10.res.4.weight
 |  0.000 |  0.000 |  0.000 |  0.000 || body.sub.10.res.4.bias
 | -0.000 | -0.074 |  0.066 |  0.025 || body.sub.11.res.0.weight
 |  0.000 |  0.000 |  0.000 |  0.000 || body.sub.11.res.0.bias
 | -0.001 | -0.089 |  0.094 |  0.025 || body.sub.11.res.1.weight
 |  0.000 |  0.000 |  0.000 |  0.000 || body.sub.11.res.1.bias
 | -0.002 | -0.069 |  0.070 |  0.025 || body.sub.11.res.3.weight
 |  0.000 |  0.000 |  0.000 |  0.000 || body.sub.11.res.3.bias
 | -0.000 | -0.085 |  0.079 |  0.025 || body.sub.11.res.4.weight
 |  0.000 |  0.000 |  0.000 |  0.000 || body.sub.11.res.4.bias
 | -0.000 | -0.080 |  0.081 |  0.025 || body.sub.12.res.0.weight
 |  0.000 |  0.000 |  0.000 |  0.000 || body.sub.12.res.0.bias
 |  0.000 | -0.087 |  0.083 |  0.025 || body.sub.12.res.1.weight
 |  0.000 |  0.000 |  0.000 |  0.000 || body.sub.12.res.1.bias
 | -0.002 | -0.083 |  0.078 |  0.025 || body.sub.12.res.3.weight
 |  0.000 |  0.000 |  0.000 |  0.000 || body.sub.12.res.3.bias
 | -0.000 | -0.087 |  0.081 |  0.025 || body.sub.12.res.4.weight
 |  0.000 |  0.000 |  0.000 |  0.000 || body.sub.12.res.4.bias
 | -0.001 | -0.075 |  0.075 |  0.025 || body.sub.13.res.0.weight
 |  0.000 |  0.000 |  0.000 |  0.000 || body.sub.13.res.0.bias
 |  0.000 | -0.085 |  0.086 |  0.025 || body.sub.13.res.1.weight
 |  0.000 |  0.000 |  0.000 |  0.000 || body.sub.13.res.1.bias
 | -0.000 | -0.067 |  0.072 |  0.025 || body.sub.13.res.3.weight
 |  0.000 |  0.000 |  0.000 |  0.000 || body.sub.13.res.3.bias
 |  0.000 | -0.080 |  0.080 |  0.025 || body.sub.13.res.4.weight
 |  0.000 |  0.000 |  0.000 |  0.000 || body.sub.13.res.4.bias
 | -0.000 | -0.074 |  0.077 |  0.025 || body.sub.14.res.0.weight
 |  0.000 |  0.000 |  0.000 |  0.000 || body.sub.14.res.0.bias
 | -0.000 | -0.089 |  0.088 |  0.025 || body.sub.14.res.1.weight
 |  0.000 |  0.000 |  0.000 |  0.000 || body.sub.14.res.1.bias
 |  0.000 | -0.067 |  0.081 |  0.025 || body.sub.14.res.3.weight
 |  0.000 |  0.000 |  0.000 |  0.000 || body.sub.14.res.3.bias
 | -0.000 | -0.092 |  0.092 |  0.025 || body.sub.14.res.4.weight
 |  0.000 |  0.000 |  0.000 |  0.000 || body.sub.14.res.4.bias
 | -0.002 | -0.091 |  0.067 |  0.025 || body.sub.15.res.0.weight
 |  0.000 |  0.000 |  0.000 |  0.000 || body.sub.15.res.0.bias
 |  0.000 | -0.078 |  0.098 |  0.025 || body.sub.15.res.1.weight
 |  0.000 |  0.000 |  0.000 |  0.000 || body.sub.15.res.1.bias
 |  0.001 | -0.076 |  0.076 |  0.025 || body.sub.15.res.3.weight
 |  0.000 |  0.000 |  0.000 |  0.000 || body.sub.15.res.3.bias
 |  0.000 | -0.089 |  0.097 |  0.025 || body.sub.15.res.4.weight
 |  0.000 |  0.000 |  0.000 |  0.000 || body.sub.15.res.4.bias
 |  0.000 | -0.033 |  0.037 |  0.008 || body.sub.16.weight
 |  0.000 |  0.000 |  0.000 |  0.000 || body.sub.16.bias
 | -0.000 | -0.034 |  0.038 |  0.008 || tail.1.weight
 |  0.000 |  0.000 |  0.000 |  0.000 || tail.1.bias
 |  0.000 | -0.035 |  0.034 |  0.008 || tail.3.weight
 |  0.000 |  0.000 |  0.000 |  0.000 || tail.3.bias
 |  0.000 | -0.027 |  0.024 |  0.008 || tail.5.weight
 |  0.000 | -0.077 |  0.063 |  0.018 || copress.weight
 |  0.000 |  0.000 |  0.000 |  0.000 || copress.bias

25-10-19 02:29:13.960 :   task: 0529msrresnet_gan_kd_x2_s4_for nc128 le-4 IR 20000
  model: gan
  gpu_ids: [0]
  scale: 2
  n_channels: 1
  sigma: [0, 50]
  sigma_test: 0
  merge_bn: False
  merge_bn_startpoint: 400000
  path:[
    root: superresolution
    pretrained_netG: None
    pretrained_netD: None
    task: superresolution/0529msrresnet_gan_kd_x2_s4_for nc128 le-4 IR 20000
    log: superresolution/0529msrresnet_gan_kd_x2_s4_for nc128 le-4 IR 20000
    options: superresolution/0529msrresnet_gan_kd_x2_s4_for nc128 le-4 IR 20000/options
    models: superresolution/0529msrresnet_gan_kd_x2_s4_for nc128 le-4 IR 20000/models
    images: superresolution/0529msrresnet_gan_kd_x2_s4_for nc128 le-4 IR 20000/images
  ]
  datasets:[
    train:[
      name: train_dataset
      dataset_type: sr
      dataroot_H: /home/pamasi/deep_learning/ir/dataset_sr/dataset_CIDIS_sisr_x8/thermal/train/GT
      dataroot_L: /home/pamasi/deep_learning/ir/dataset_sr/dataset_CIDIS_sisr_x8/thermal/train/LR_x8
      H_size: 96
      dataloader_shuffle: True
      dataloader_num_workers: 8
      dataloader_batch_size: 32
      phase: train
      scale: 2
      n_channels: 1
    ]
    test:[
      name: test_dataset
      dataset_type: sr
      dataroot_H: /home/pamasi/deep_learning/ir/dataset_sr/dataset_CIDIS_sisr_x8/thermal/val/GT
      dataroot_L: /home/pamasi/deep_learning/ir/dataset_sr/dataset_CIDIS_sisr_x8/thermal/val/LR_x8
      phase: test
      scale: 2
      n_channels: 1
    ]
  ]
  netG:[
    net_type: msrresnet0
    en_net_type: D_msrresnet0
    enhance: no_enhance
    in_nc: 1
    out_nc: 1
    nc: 64
    nb: 16
    gc: 32
    ng: 2
    reduction: 16
    act_mode: R
    upsample_mode: upconv
    downsample_mode: strideconv
    init_type: orthogonal
    init_bn_type: uniform
    init_gain: 0.2
    scale: 2
  ]
  netD:[
    net_type: discriminator_vgg_96
    in_nc: 3
    act_mode: BL
    base_nc: 64
    init_type: orthogonal
    init_bn_type: uniform
    init_gain: 0.2
  ]
  train:[
    G_lossfn_type: l1
    G_lossfn_weight: 0.01
    F_lossfn_type: l1
    F_lossfn_weight: 1
    gan_type: ragan
    D_lossfn_weight: 0.005
    D_init_iters: 0
    G_optimizer_type: adam
    G_optimizer_lr: 0.0001
    G_optimizer_wd: 0
    D_optimizer_type: adam
    D_optimizer_lr: 0.0001
    D_optimizer_wd: 0
    G_scheduler_type: MultiStepLR
    G_scheduler_milestones: [100000, 200000, 1200000, 2000000]
    G_scheduler_gamma: 0.5
    D_scheduler_type: MultiStepLR
    D_scheduler_milestones: [100000, 200000, 1200000, 2000000]
    D_scheduler_gamma: 0.5
    checkpoint_test: 5000
    checkpoint_save: 5000
    checkpoint_print: 200
  ]
  opt_path: options/train_kdsrgan.json
  is_train: True

25-10-19 02:29:13.961 : Random seed: 7282
25-10-19 02:29:13.965 : Number of train images: 700, iters: 22
25-10-19 02:29:19.085 : 
Networks name: D_msrresnet0
Params number: 310432
Net structure:
D_msrresnet0(
  (KD): KDB(
    (c1_d): Sequential(
      (0): Conv2d(64, 64, kernel_size=(1, 1), stride=(1, 1), groups=64)
      (1): Conv2d(64, 32, kernel_size=(1, 1), stride=(1, 1))
    )
    (c1_r): Sequential(
      (0): Conv2d(64, 64, kernel_size=(3, 3), stride=(1, 1), padding=(1, 1), groups=64)
      (1): Conv2d(64, 64, kernel_size=(1, 1), stride=(1, 1))
    )
    (c2_d): Sequential(
      (0): Conv2d(64, 64, kernel_size=(1, 1), stride=(1, 1), groups=64)
      (1): Conv2d(64, 32, kernel_size=(1, 1), stride=(1, 1))
    )
    (c2_r): Sequential(
      (0): Conv2d(64, 64, kernel_size=(3, 3), stride=(1, 1), padding=(1, 1), groups=64)
      (1): Conv2d(64, 64, kernel_size=(1, 1), stride=(1, 1))
    )
    (c3_d): Sequential(
      (0): Conv2d(64, 64, kernel_size=(1, 1), stride=(1, 1), groups=64)
      (1): Conv2d(64, 32, kernel_size=(1, 1), stride=(1, 1))
    )
    (c3_r): Sequential(
      (0): Conv2d(64, 64, kernel_size=(3, 3), stride=(1, 1), padding=(1, 1), groups=64)
      (1): Conv2d(64, 64, kernel_size=(1, 1), stride=(1, 1))
    )
    (c4): Sequential(
      (0): Conv2d(64, 64, kernel_size=(3, 3), stride=(1, 1), padding=(1, 1), groups=64)
      (1): Conv2d(64, 32, kernel_size=(1, 1), stride=(1, 1))
    )
    (act): LeakyReLU(negative_slope=0.05, inplace=True)
    (c5): Sequential(
      (0): Conv2d(128, 128, kernel_size=(1, 1), stride=(1, 1), groups=128)
      (1): Conv2d(128, 64, kernel_size=(1, 1), stride=(1, 1))
    )
    (esa): ESA(
      (conv1): Sequential(
        (0): Conv2d(64, 64, kernel_size=(1, 1), stride=(1, 1), groups=64)
        (1): Conv2d(64, 16, kernel_size=(1, 1), stride=(1, 1))
      )
      (conv_f): Sequential(
        (0): Conv2d(16, 16, kernel_size=(1, 1), stride=(1, 1), groups=16)
        (1): Conv2d(16, 16, kernel_size=(1, 1), stride=(1, 1))
      )
      (conv_max): Sequential(
        (0): Conv2d(16, 16, kernel_size=(3, 3), stride=(1, 1), padding=(1, 1), groups=16)
        (1): Conv2d(16, 16, kernel_size=(1, 1), stride=(1, 1))
      )
      (conv2): Sequential(
        (0): Conv2d(16, 16, kernel_size=(3, 3), stride=(2, 2), padding=(1, 1), groups=16)
        (1): Conv2d(16, 16, kernel_size=(1, 1), stride=(1, 1))
      )
      (conv3): Sequential(
        (0): Conv2d(16, 16, kernel_size=(3, 3), stride=(1, 1), padding=(1, 1), groups=16)
        (1): Conv2d(16, 16, kernel_size=(1, 1), stride=(1, 1))
      )
      (conv3_): Sequential(
        (0): Conv2d(16, 16, kernel_size=(3, 3), stride=(1, 1), padding=(1, 1), groups=16)
        (1): Conv2d(16, 16, kernel_size=(1, 1), stride=(1, 1))
      )
      (conv4): Sequential(
        (0): Conv2d(16, 16, kernel_size=(1, 1), stride=(1, 1), groups=16)
        (1): Conv2d(16, 64, kernel_size=(1, 1), stride=(1, 1))
      )
      (sigmoid): Sigmoid()
      (relu): ReLU(inplace=True)
    )
  )
  (head): Conv2d(1, 64, kernel_size=(3, 3), stride=(1, 1), padding=(1, 1))
  (body): Identity + 
  |Sequential(
  |  (0): ResBlock(
  |    (res): Sequential(
  |      (0): Conv2d(64, 64, kernel_size=(3, 3), stride=(1, 1), padding=(1, 1), groups=64)
  |      (1): Conv2d(64, 64, kernel_size=(1, 1), stride=(1, 1))
  |      (2): ReLU(inplace=True)
  |      (3): Conv2d(64, 64, kernel_size=(3, 3), stride=(1, 1), padding=(1, 1), groups=64)
  |      (4): Conv2d(64, 64, kernel_size=(1, 1), stride=(1, 1))
  |    )
  |  )
  |  (1): ResBlock(
  |    (res): Sequential(
  |      (0): Conv2d(64, 64, kernel_size=(3, 3), stride=(1, 1), padding=(1, 1), groups=64)
  |      (1): Conv2d(64, 64, kernel_size=(1, 1), stride=(1, 1))
  |      (2): ReLU(inplace=True)
  |      (3): Conv2d(64, 64, kernel_size=(3, 3), stride=(1, 1), padding=(1, 1), groups=64)
  |      (4): Conv2d(64, 64, kernel_size=(1, 1), stride=(1, 1))
  |    )
  |  )
  |  (2): ResBlock(
  |    (res): Sequential(
  |      (0): Conv2d(64, 64, kernel_size=(3, 3), stride=(1, 1), padding=(1, 1), groups=64)
  |      (1): Conv2d(64, 64, kernel_size=(1, 1), stride=(1, 1))
  |      (2): ReLU(inplace=True)
  |      (3): Conv2d(64, 64, kernel_size=(3, 3), stride=(1, 1), padding=(1, 1), groups=64)
  |      (4): Conv2d(64, 64, kernel_size=(1, 1), stride=(1, 1))
  |    )
  |  )
  |  (3): ResBlock(
  |    (res): Sequential(
  |      (0): Conv2d(64, 64, kernel_size=(3, 3), stride=(1, 1), padding=(1, 1), groups=64)
  |      (1): Conv2d(64, 64, kernel_size=(1, 1), stride=(1, 1))
  |      (2): ReLU(inplace=True)
  |      (3): Conv2d(64, 64, kernel_size=(3, 3), stride=(1, 1), padding=(1, 1), groups=64)
  |      (4): Conv2d(64, 64, kernel_size=(1, 1), stride=(1, 1))
  |    )
  |  )
  |  (4): ResBlock(
  |    (res): Sequential(
  |      (0): Conv2d(64, 64, kernel_size=(3, 3), stride=(1, 1), padding=(1, 1), groups=64)
  |      (1): Conv2d(64, 64, kernel_size=(1, 1), stride=(1, 1))
  |      (2): ReLU(inplace=True)
  |      (3): Conv2d(64, 64, kernel_size=(3, 3), stride=(1, 1), padding=(1, 1), groups=64)
  |      (4): Conv2d(64, 64, kernel_size=(1, 1), stride=(1, 1))
  |    )
  |  )
  |  (5): ResBlock(
  |    (res): Sequential(
  |      (0): Conv2d(64, 64, kernel_size=(3, 3), stride=(1, 1), padding=(1, 1), groups=64)
  |      (1): Conv2d(64, 64, kernel_size=(1, 1), stride=(1, 1))
  |      (2): ReLU(inplace=True)
  |      (3): Conv2d(64, 64, kernel_size=(3, 3), stride=(1, 1), padding=(1, 1), groups=64)
  |      (4): Conv2d(64, 64, kernel_size=(1, 1), stride=(1, 1))
  |    )
  |  )
  |  (6): ResBlock(
  |    (res): Sequential(
  |      (0): Conv2d(64, 64, kernel_size=(3, 3), stride=(1, 1), padding=(1, 1), groups=64)
  |      (1): Conv2d(64, 64, kernel_size=(1, 1), stride=(1, 1))
  |      (2): ReLU(inplace=True)
  |      (3): Conv2d(64, 64, kernel_size=(3, 3), stride=(1, 1), padding=(1, 1), groups=64)
  |      (4): Conv2d(64, 64, kernel_size=(1, 1), stride=(1, 1))
  |    )
  |  )
  |  (7): ResBlock(
  |    (res): Sequential(
  |      (0): Conv2d(64, 64, kernel_size=(3, 3), stride=(1, 1), padding=(1, 1), groups=64)
  |      (1): Conv2d(64, 64, kernel_size=(1, 1), stride=(1, 1))
  |      (2): ReLU(inplace=True)
  |      (3): Conv2d(64, 64, kernel_size=(3, 3), stride=(1, 1), padding=(1, 1), groups=64)
  |      (4): Conv2d(64, 64, kernel_size=(1, 1), stride=(1, 1))
  |    )
  |  )
  |  (8): ResBlock(
  |    (res): Sequential(
  |      (0): Conv2d(64, 64, kernel_size=(3, 3), stride=(1, 1), padding=(1, 1), groups=64)
  |      (1): Conv2d(64, 64, kernel_size=(1, 1), stride=(1, 1))
  |      (2): ReLU(inplace=True)
  |      (3): Conv2d(64, 64, kernel_size=(3, 3), stride=(1, 1), padding=(1, 1), groups=64)
  |      (4): Conv2d(64, 64, kernel_size=(1, 1), stride=(1, 1))
  |    )
  |  )
  |  (9): ResBlock(
  |    (res): Sequential(
  |      (0): Conv2d(64, 64, kernel_size=(3, 3), stride=(1, 1), padding=(1, 1), groups=64)
  |      (1): Conv2d(64, 64, kernel_size=(1, 1), stride=(1, 1))
  |      (2): ReLU(inplace=True)
  |      (3): Conv2d(64, 64, kernel_size=(3, 3), stride=(1, 1), padding=(1, 1), groups=64)
  |      (4): Conv2d(64, 64, kernel_size=(1, 1), stride=(1, 1))
  |    )
  |  )
  |  (10): ResBlock(
  |    (res): Sequential(
  |      (0): Conv2d(64, 64, kernel_size=(3, 3), stride=(1, 1), padding=(1, 1), groups=64)
  |      (1): Conv2d(64, 64, kernel_size=(1, 1), stride=(1, 1))
  |      (2): ReLU(inplace=True)
  |      (3): Conv2d(64, 64, kernel_size=(3, 3), stride=(1, 1), padding=(1, 1), groups=64)
  |      (4): Conv2d(64, 64, kernel_size=(1, 1), stride=(1, 1))
  |    )
  |  )
  |  (11): ResBlock(
  |    (res): Sequential(
  |      (0): Conv2d(64, 64, kernel_size=(3, 3), stride=(1, 1), padding=(1, 1), groups=64)
  |      (1): Conv2d(64, 64, kernel_size=(1, 1), stride=(1, 1))
  |      (2): ReLU(inplace=True)
  |      (3): Conv2d(64, 64, kernel_size=(3, 3), stride=(1, 1), padding=(1, 1), groups=64)
  |      (4): Conv2d(64, 64, kernel_size=(1, 1), stride=(1, 1))
  |    )
  |  )
  |  (12): ResBlock(
  |    (res): Sequential(
  |      (0): Conv2d(64, 64, kernel_size=(3, 3), stride=(1, 1), padding=(1, 1), groups=64)
  |      (1): Conv2d(64, 64, kernel_size=(1, 1), stride=(1, 1))
  |      (2): ReLU(inplace=True)
  |      (3): Conv2d(64, 64, kernel_size=(3, 3), stride=(1, 1), padding=(1, 1), groups=64)
  |      (4): Conv2d(64, 64, kernel_size=(1, 1), stride=(1, 1))
  |    )
  |  )
  |  (13): ResBlock(
  |    (res): Sequential(
  |      (0): Conv2d(64, 64, kernel_size=(3, 3), stride=(1, 1), padding=(1, 1), groups=64)
  |      (1): Conv2d(64, 64, kernel_size=(1, 1), stride=(1, 1))
  |      (2): ReLU(inplace=True)
  |      (3): Conv2d(64, 64, kernel_size=(3, 3), stride=(1, 1), padding=(1, 1), groups=64)
  |      (4): Conv2d(64, 64, kernel_size=(1, 1), stride=(1, 1))
  |    )
  |  )
  |  (14): ResBlock(
  |    (res): Sequential(
  |      (0): Conv2d(64, 64, kernel_size=(3, 3), stride=(1, 1), padding=(1, 1), groups=64)
  |      (1): Conv2d(64, 64, kernel_size=(1, 1), stride=(1, 1))
  |      (2): ReLU(inplace=True)
  |      (3): Conv2d(64, 64, kernel_size=(3, 3), stride=(1, 1), padding=(1, 1), groups=64)
  |      (4): Conv2d(64, 64, kernel_size=(1, 1), stride=(1, 1))
  |    )
  |  )
  |  (15): ResBlock(
  |    (res): Sequential(
  |      (0): Conv2d(64, 64, kernel_size=(3, 3), stride=(1, 1), padding=(1, 1), groups=64)
  |      (1): Conv2d(64, 64, kernel_size=(1, 1), stride=(1, 1))
  |      (2): ReLU(inplace=True)
  |      (3): Conv2d(64, 64, kernel_size=(3, 3), stride=(1, 1), padding=(1, 1), groups=64)
  |      (4): Conv2d(64, 64, kernel_size=(1, 1), stride=(1, 1))
  |    )
  |  )
  |  (16): Conv2d(64, 64, kernel_size=(3, 3), stride=(1, 1), padding=(1, 1))
  |)
  (tail): Sequential(
    (0): Upsample(scale_factor=2.0, mode='nearest')
    (1): Conv2d(64, 64, kernel_size=(3, 3), stride=(1, 1), padding=(1, 1))
    (2): ReLU(inplace=True)
    (3): Conv2d(64, 64, kernel_size=(3, 3), stride=(1, 1), padding=(1, 1))
    (4): ReLU(inplace=True)
    (5): Conv2d(64, 1, kernel_size=(3, 3), stride=(1, 1), padding=(1, 1), bias=False)
  )
  (copress): Conv2d(128, 64, kernel_size=(1, 1), stride=(1, 1))
)

Networks name: Discriminator_VGG_96
Params number: 14143881
Net structure:
Discriminator_VGG_96(
  (features): Sequential(
    (0): Conv2d(3, 64, kernel_size=(3, 3), stride=(1, 1), padding=(1, 1))
    (1): Conv2d(64, 64, kernel_size=(4, 4), stride=(2, 2), padding=(1, 1))
    (2): BatchNorm2d(64, eps=0.0001, momentum=0.9, affine=True, track_running_stats=True)
    (3): LeakyReLU(negative_slope=0.2, inplace=True)
    (4): Conv2d(64, 128, kernel_size=(3, 3), stride=(1, 1), padding=(1, 1))
    (5): BatchNorm2d(128, eps=0.0001, momentum=0.9, affine=True, track_running_stats=True)
    (6): LeakyReLU(negative_slope=0.2, inplace=True)
    (7): Conv2d(128, 128, kernel_size=(4, 4), stride=(2, 2), padding=(1, 1))
    (8): BatchNorm2d(128, eps=0.0001, momentum=0.9, affine=True, track_running_stats=True)
    (9): LeakyReLU(negative_slope=0.2, inplace=True)
    (10): Conv2d(128, 256, kernel_size=(3, 3), stride=(1, 1), padding=(1, 1))
    (11): BatchNorm2d(256, eps=0.0001, momentum=0.9, affine=True, track_running_stats=True)
    (12): LeakyReLU(negative_slope=0.2, inplace=True)
    (13): Conv2d(256, 256, kernel_size=(4, 4), stride=(2, 2), padding=(1, 1))
    (14): BatchNorm2d(256, eps=0.0001, momentum=0.9, affine=True, track_running_stats=True)
    (15): LeakyReLU(negative_slope=0.2, inplace=True)
    (16): Conv2d(256, 512, kernel_size=(3, 3), stride=(1, 1), padding=(1, 1))
    (17): BatchNorm2d(512, eps=0.0001, momentum=0.9, affine=True, track_running_stats=True)
    (18): LeakyReLU(negative_slope=0.2, inplace=True)
    (19): Conv2d(512, 512, kernel_size=(4, 4), stride=(2, 2), padding=(1, 1))
    (20): BatchNorm2d(512, eps=0.0001, momentum=0.9, affine=True, track_running_stats=True)
    (21): LeakyReLU(negative_slope=0.2, inplace=True)
    (22): Conv2d(512, 512, kernel_size=(3, 3), stride=(1, 1), padding=(1, 1))
    (23): BatchNorm2d(512, eps=0.0001, momentum=0.9, affine=True, track_running_stats=True)
    (24): LeakyReLU(negative_slope=0.2, inplace=True)
    (25): Conv2d(512, 512, kernel_size=(4, 4), stride=(2, 2), padding=(1, 1))
    (26): BatchNorm2d(512, eps=0.0001, momentum=0.9, affine=True, track_running_stats=True)
    (27): LeakyReLU(negative_slope=0.2, inplace=True)
  )
  (classifier): Sequential(
    (0): Linear(in_features=4608, out_features=100, bias=True)
    (1): LeakyReLU(negative_slope=0.2, inplace=True)
    (2): Linear(in_features=100, out_features=1, bias=True)
  )
)

Networks name: VGGFeatureExtractor
Params number: 20024384
Net structure:
VGGFeatureExtractor(
  (features): Sequential(
    (0): Conv2d(3, 64, kernel_size=(3, 3), stride=(1, 1), padding=(1, 1))
    (1): ReLU(inplace=True)
    (2): Conv2d(64, 64, kernel_size=(3, 3), stride=(1, 1), padding=(1, 1))
    (3): ReLU(inplace=True)
    (4): MaxPool2d(kernel_size=2, stride=2, padding=0, dilation=1, ceil_mode=False)
    (5): Conv2d(64, 128, kernel_size=(3, 3), stride=(1, 1), padding=(1, 1))
    (6): ReLU(inplace=True)
    (7): Conv2d(128, 128, kernel_size=(3, 3), stride=(1, 1), padding=(1, 1))
    (8): ReLU(inplace=True)
    (9): MaxPool2d(kernel_size=2, stride=2, padding=0, dilation=1, ceil_mode=False)
    (10): Conv2d(128, 256, kernel_size=(3, 3), stride=(1, 1), padding=(1, 1))
    (11): ReLU(inplace=True)
    (12): Conv2d(256, 256, kernel_size=(3, 3), stride=(1, 1), padding=(1, 1))
    (13): ReLU(inplace=True)
    (14): Conv2d(256, 256, kernel_size=(3, 3), stride=(1, 1), padding=(1, 1))
    (15): ReLU(inplace=True)
    (16): Conv2d(256, 256, kernel_size=(3, 3), stride=(1, 1), padding=(1, 1))
    (17): ReLU(inplace=True)
    (18): MaxPool2d(kernel_size=2, stride=2, padding=0, dilation=1, ceil_mode=False)
    (19): Conv2d(256, 512, kernel_size=(3, 3), stride=(1, 1), padding=(1, 1))
    (20): ReLU(inplace=True)
    (21): Conv2d(512, 512, kernel_size=(3, 3), stride=(1, 1), padding=(1, 1))
    (22): ReLU(inplace=True)
    (23): Conv2d(512, 512, kernel_size=(3, 3), stride=(1, 1), padding=(1, 1))
    (24): ReLU(inplace=True)
    (25): Conv2d(512, 512, kernel_size=(3, 3), stride=(1, 1), padding=(1, 1))
    (26): ReLU(inplace=True)
    (27): MaxPool2d(kernel_size=2, stride=2, padding=0, dilation=1, ceil_mode=False)
    (28): Conv2d(512, 512, kernel_size=(3, 3), stride=(1, 1), padding=(1, 1))
    (29): ReLU(inplace=True)
    (30): Conv2d(512, 512, kernel_size=(3, 3), stride=(1, 1), padding=(1, 1))
    (31): ReLU(inplace=True)
    (32): Conv2d(512, 512, kernel_size=(3, 3), stride=(1, 1), padding=(1, 1))
    (33): ReLU(inplace=True)
    (34): Conv2d(512, 512, kernel_size=(3, 3), stride=(1, 1), padding=(1, 1))
  )
)

25-10-19 02:29:19.194 : 
 |  mean  |  min   |  max   |  std   || param_name          
 | -0.006 | -0.065 |  0.041 |  0.024 || KD.c1_d.0.weight
 |  0.000 |  0.000 |  0.000 |  0.000 || KD.c1_d.0.bias
 |  0.000 | -0.073 |  0.079 |  0.025 || KD.c1_d.1.weight
 |  0.000 |  0.000 |  0.000 |  0.000 || KD.c1_d.1.bias
 | -0.001 | -0.074 |  0.086 |  0.025 || KD.c1_r.0.weight
 |  0.000 |  0.000 |  0.000 |  0.000 || KD.c1_r.0.bias
 | -0.000 | -0.084 |  0.079 |  0.025 || KD.c1_r.1.weight
 |  0.000 |  0.000 |  0.000 |  0.000 || KD.c1_r.1.bias
 |  0.002 | -0.049 |  0.061 |  0.025 || KD.c2_d.0.weight
 |  0.000 |  0.000 |  0.000 |  0.000 || KD.c2_d.0.bias
 | -0.000 | -0.085 |  0.081 |  0.025 || KD.c2_d.1.weight
 |  0.000 |  0.000 |  0.000 |  0.000 || KD.c2_d.1.bias
 | -0.000 | -0.081 |  0.074 |  0.025 || KD.c2_r.0.weight
 |  0.000 |  0.000 |  0.000 |  0.000 || KD.c2_r.0.bias
 | -0.001 | -0.086 |  0.096 |  0.025 || KD.c2_r.1.weight
 |  0.000 |  0.000 |  0.000 |  0.000 || KD.c2_r.1.bias
 |  0.002 | -0.081 |  0.072 |  0.025 || KD.c3_d.0.weight
 |  0.000 |  0.000 |  0.000 |  0.000 || KD.c3_d.0.bias
 | -0.001 | -0.084 |  0.078 |  0.025 || KD.c3_d.1.weight
 |  0.000 |  0.000 |  0.000 |  0.000 || KD.c3_d.1.bias
 |  0.000 | -0.072 |  0.093 |  0.025 || KD.c3_r.0.weight
 |  0.000 |  0.000 |  0.000 |  0.000 || KD.c3_r.0.bias
 | -0.000 | -0.077 |  0.087 |  0.025 || KD.c3_r.1.weight
 |  0.000 |  0.000 |  0.000 |  0.000 || KD.c3_r.1.bias
 |  0.002 | -0.067 |  0.080 |  0.025 || KD.c4.0.weight
 |  0.000 |  0.000 |  0.000 |  0.000 || KD.c4.0.bias
 |  0.001 | -0.080 |  0.090 |  0.025 || KD.c4.1.weight
 |  0.000 |  0.000 |  0.000 |  0.000 || KD.c4.1.bias
 | -0.001 | -0.047 |  0.038 |  0.018 || KD.c5.0.weight
 |  0.000 |  0.000 |  0.000 |  0.000 || KD.c5.0.bias
 | -0.000 | -0.068 |  0.068 |  0.018 || KD.c5.1.weight
 |  0.000 |  0.000 |  0.000 |  0.000 || KD.c5.1.bias
 | -0.003 | -0.046 |  0.050 |  0.025 || KD.esa.conv1.0.weight
 |  0.000 |  0.000 |  0.000 |  0.000 || KD.esa.conv1.0.bias
 |  0.000 | -0.072 |  0.078 |  0.025 || KD.esa.conv1.1.weight
 |  0.000 |  0.000 |  0.000 |  0.000 || KD.esa.conv1.1.bias
 |  0.011 | -0.089 |  0.105 |  0.050 || KD.esa.conv_f.0.weight
 |  0.000 |  0.000 |  0.000 |  0.000 || KD.esa.conv_f.0.bias
 |  0.000 | -0.125 |  0.109 |  0.050 || KD.esa.conv_f.1.weight
 |  0.000 |  0.000 |  0.000 |  0.000 || KD.esa.conv_f.1.bias
 |  0.001 | -0.109 |  0.132 |  0.050 || KD.esa.conv_max.0.weight
 |  0.000 |  0.000 |  0.000 |  0.000 || KD.esa.conv_max.0.bias
 |  0.000 | -0.131 |  0.135 |  0.050 || KD.esa.conv_max.1.weight
 |  0.000 |  0.000 |  0.000 |  0.000 || KD.esa.conv_max.1.bias
 |  0.002 | -0.106 |  0.113 |  0.050 || KD.esa.conv2.0.weight
 |  0.000 |  0.000 |  0.000 |  0.000 || KD.esa.conv2.0.bias
 | -0.006 | -0.137 |  0.141 |  0.050 || KD.esa.conv2.1.weight
 |  0.000 |  0.000 |  0.000 |  0.000 || KD.esa.conv2.1.bias
 | -0.000 | -0.142 |  0.132 |  0.050 || KD.esa.conv3.0.weight
 |  0.000 |  0.000 |  0.000 |  0.000 || KD.esa.conv3.0.bias
 |  0.003 | -0.120 |  0.167 |  0.050 || KD.esa.conv3.1.weight
 |  0.000 |  0.000 |  0.000 |  0.000 || KD.esa.conv3.1.bias
 | -0.002 | -0.124 |  0.133 |  0.050 || KD.esa.conv3_.0.weight
 |  0.000 |  0.000 |  0.000 |  0.000 || KD.esa.conv3_.0.bias
 |  0.000 | -0.121 |  0.120 |  0.050 || KD.esa.conv3_.1.weight
 |  0.000 |  0.000 |  0.000 |  0.000 || KD.esa.conv3_.1.bias
 |  0.018 | -0.066 |  0.111 |  0.048 || KD.esa.conv4.0.weight
 |  0.000 |  0.000 |  0.000 |  0.000 || KD.esa.conv4.0.bias
 | -0.001 | -0.075 |  0.079 |  0.025 || KD.esa.conv4.1.weight
 |  0.000 |  0.000 |  0.000 |  0.000 || KD.esa.conv4.1.bias
 | -0.001 | -0.069 |  0.068 |  0.025 || head.weight
 |  0.000 |  0.000 |  0.000 |  0.000 || head.bias
 | -0.000 | -0.067 |  0.089 |  0.025 || body.sub.0.res.0.weight
 |  0.000 |  0.000 |  0.000 |  0.000 || body.sub.0.res.0.bias
 |  0.000 | -0.094 |  0.090 |  0.025 || body.sub.0.res.1.weight
 |  0.000 |  0.000 |  0.000 |  0.000 || body.sub.0.res.1.bias
 | -0.002 | -0.066 |  0.090 |  0.025 || body.sub.0.res.3.weight
 |  0.000 |  0.000 |  0.000 |  0.000 || body.sub.0.res.3.bias
 |  0.000 | -0.085 |  0.099 |  0.025 || body.sub.0.res.4.weight
 |  0.000 |  0.000 |  0.000 |  0.000 || body.sub.0.res.4.bias
 |  0.000 | -0.088 |  0.085 |  0.025 || body.sub.1.res.0.weight
 |  0.000 |  0.000 |  0.000 |  0.000 || body.sub.1.res.0.bias
 |  0.000 | -0.082 |  0.081 |  0.025 || body.sub.1.res.1.weight
 |  0.000 |  0.000 |  0.000 |  0.000 || body.sub.1.res.1.bias
 |  0.002 | -0.070 |  0.084 |  0.025 || body.sub.1.res.3.weight
 |  0.000 |  0.000 |  0.000 |  0.000 || body.sub.1.res.3.bias
 | -0.000 | -0.077 |  0.086 |  0.025 || body.sub.1.res.4.weight
 |  0.000 |  0.000 |  0.000 |  0.000 || body.sub.1.res.4.bias
 |  0.000 | -0.077 |  0.074 |  0.025 || body.sub.2.res.0.weight
 |  0.000 |  0.000 |  0.000 |  0.000 || body.sub.2.res.0.bias
 |  0.000 | -0.091 |  0.084 |  0.025 || body.sub.2.res.1.weight
 |  0.000 |  0.000 |  0.000 |  0.000 || body.sub.2.res.1.bias
 | -0.001 | -0.079 |  0.079 |  0.025 || body.sub.2.res.3.weight
 |  0.000 |  0.000 |  0.000 |  0.000 || body.sub.2.res.3.bias
 | -0.001 | -0.090 |  0.101 |  0.025 || body.sub.2.res.4.weight
 |  0.000 |  0.000 |  0.000 |  0.000 || body.sub.2.res.4.bias
 |  0.000 | -0.080 |  0.074 |  0.025 || body.sub.3.res.0.weight
 |  0.000 |  0.000 |  0.000 |  0.000 || body.sub.3.res.0.bias
 |  0.000 | -0.082 |  0.087 |  0.025 || body.sub.3.res.1.weight
 |  0.000 |  0.000 |  0.000 |  0.000 || body.sub.3.res.1.bias
 | -0.000 | -0.068 |  0.075 |  0.025 || body.sub.3.res.3.weight
 |  0.000 |  0.000 |  0.000 |  0.000 || body.sub.3.res.3.bias
 | -0.000 | -0.091 |  0.092 |  0.025 || body.sub.3.res.4.weight
 |  0.000 |  0.000 |  0.000 |  0.000 || body.sub.3.res.4.bias
 |  0.001 | -0.077 |  0.099 |  0.025 || body.sub.4.res.0.weight
 |  0.000 |  0.000 |  0.000 |  0.000 || body.sub.4.res.0.bias
 |  0.000 | -0.091 |  0.093 |  0.025 || body.sub.4.res.1.weight
 |  0.000 |  0.000 |  0.000 |  0.000 || body.sub.4.res.1.bias
 | -0.000 | -0.077 |  0.076 |  0.025 || body.sub.4.res.3.weight
 |  0.000 |  0.000 |  0.000 |  0.000 || body.sub.4.res.3.bias
 | -0.000 | -0.081 |  0.089 |  0.025 || body.sub.4.res.4.weight
 |  0.000 |  0.000 |  0.000 |  0.000 || body.sub.4.res.4.bias
 | -0.001 | -0.062 |  0.066 |  0.025 || body.sub.5.res.0.weight
 |  0.000 |  0.000 |  0.000 |  0.000 || body.sub.5.res.0.bias
 |  0.000 | -0.099 |  0.085 |  0.025 || body.sub.5.res.1.weight
 |  0.000 |  0.000 |  0.000 |  0.000 || body.sub.5.res.1.bias
 |  0.001 | -0.086 |  0.060 |  0.025 || body.sub.5.res.3.weight
 |  0.000 |  0.000 |  0.000 |  0.000 || body.sub.5.res.3.bias
 | -0.001 | -0.103 |  0.092 |  0.025 || body.sub.5.res.4.weight
 |  0.000 |  0.000 |  0.000 |  0.000 || body.sub.5.res.4.bias
 |  0.001 | -0.082 |  0.082 |  0.025 || body.sub.6.res.0.weight
 |  0.000 |  0.000 |  0.000 |  0.000 || body.sub.6.res.0.bias
 |  0.001 | -0.097 |  0.078 |  0.025 || body.sub.6.res.1.weight
 |  0.000 |  0.000 |  0.000 |  0.000 || body.sub.6.res.1.bias
 | -0.001 | -0.086 |  0.060 |  0.025 || body.sub.6.res.3.weight
 |  0.000 |  0.000 |  0.000 |  0.000 || body.sub.6.res.3.bias
 |  0.000 | -0.093 |  0.080 |  0.025 || body.sub.6.res.4.weight
 |  0.000 |  0.000 |  0.000 |  0.000 || body.sub.6.res.4.bias
 | -0.001 | -0.081 |  0.073 |  0.025 || body.sub.7.res.0.weight
 |  0.000 |  0.000 |  0.000 |  0.000 || body.sub.7.res.0.bias
 | -0.001 | -0.085 |  0.084 |  0.025 || body.sub.7.res.1.weight
 |  0.000 |  0.000 |  0.000 |  0.000 || body.sub.7.res.1.bias
 | -0.001 | -0.079 |  0.073 |  0.025 || body.sub.7.res.3.weight
 |  0.000 |  0.000 |  0.000 |  0.000 || body.sub.7.res.3.bias
 |  0.000 | -0.091 |  0.086 |  0.025 || body.sub.7.res.4.weight
 |  0.000 |  0.000 |  0.000 |  0.000 || body.sub.7.res.4.bias
 | -0.001 | -0.093 |  0.076 |  0.025 || body.sub.8.res.0.weight
 |  0.000 |  0.000 |  0.000 |  0.000 || body.sub.8.res.0.bias
 | -0.000 | -0.076 |  0.091 |  0.025 || body.sub.8.res.1.weight
 |  0.000 |  0.000 |  0.000 |  0.000 || body.sub.8.res.1.bias
 |  0.000 | -0.070 |  0.064 |  0.025 || body.sub.8.res.3.weight
 |  0.000 |  0.000 |  0.000 |  0.000 || body.sub.8.res.3.bias
 | -0.000 | -0.074 |  0.091 |  0.025 || body.sub.8.res.4.weight
 |  0.000 |  0.000 |  0.000 |  0.000 || body.sub.8.res.4.bias
 |  0.001 | -0.078 |  0.073 |  0.025 || body.sub.9.res.0.weight
 |  0.000 |  0.000 |  0.000 |  0.000 || body.sub.9.res.0.bias
 | -0.000 | -0.084 |  0.078 |  0.025 || body.sub.9.res.1.weight
 |  0.000 |  0.000 |  0.000 |  0.000 || body.sub.9.res.1.bias
 | -0.000 | -0.074 |  0.069 |  0.025 || body.sub.9.res.3.weight
 |  0.000 |  0.000 |  0.000 |  0.000 || body.sub.9.res.3.bias
 |  0.000 | -0.083 |  0.084 |  0.025 || body.sub.9.res.4.weight
 |  0.000 |  0.000 |  0.000 |  0.000 || body.sub.9.res.4.bias
 | -0.001 | -0.070 |  0.074 |  0.025 || body.sub.10.res.0.weight
 |  0.000 |  0.000 |  0.000 |  0.000 || body.sub.10.res.0.bias
 | -0.000 | -0.090 |  0.083 |  0.025 || body.sub.10.res.1.weight
 |  0.000 |  0.000 |  0.000 |  0.000 || body.sub.10.res.1.bias
 | -0.001 | -0.071 |  0.066 |  0.025 || body.sub.10.res.3.weight
 |  0.000 |  0.000 |  0.000 |  0.000 || body.sub.10.res.3.bias
 | -0.000 | -0.090 |  0.099 |  0.025 || body.sub.10.res.4.weight
 |  0.000 |  0.000 |  0.000 |  0.000 || body.sub.10.res.4.bias
 | -0.002 | -0.069 |  0.085 |  0.025 || body.sub.11.res.0.weight
 |  0.000 |  0.000 |  0.000 |  0.000 || body.sub.11.res.0.bias
 |  0.000 | -0.091 |  0.091 |  0.025 || body.sub.11.res.1.weight
 |  0.000 |  0.000 |  0.000 |  0.000 || body.sub.11.res.1.bias
 |  0.001 | -0.059 |  0.075 |  0.025 || body.sub.11.res.3.weight
 |  0.000 |  0.000 |  0.000 |  0.000 || body.sub.11.res.3.bias
 | -0.000 | -0.084 |  0.090 |  0.025 || body.sub.11.res.4.weight
 |  0.000 |  0.000 |  0.000 |  0.000 || body.sub.11.res.4.bias
 |  0.002 | -0.065 |  0.096 |  0.025 || body.sub.12.res.0.weight
 |  0.000 |  0.000 |  0.000 |  0.000 || body.sub.12.res.0.bias
 | -0.000 | -0.095 |  0.079 |  0.025 || body.sub.12.res.1.weight
 |  0.000 |  0.000 |  0.000 |  0.000 || body.sub.12.res.1.bias
 | -0.001 | -0.079 |  0.096 |  0.025 || body.sub.12.res.3.weight
 |  0.000 |  0.000 |  0.000 |  0.000 || body.sub.12.res.3.bias
 |  0.000 | -0.088 |  0.098 |  0.025 || body.sub.12.res.4.weight
 |  0.000 |  0.000 |  0.000 |  0.000 || body.sub.12.res.4.bias
 | -0.003 | -0.077 |  0.067 |  0.025 || body.sub.13.res.0.weight
 |  0.000 |  0.000 |  0.000 |  0.000 || body.sub.13.res.0.bias
 |  0.000 | -0.102 |  0.081 |  0.025 || body.sub.13.res.1.weight
 |  0.000 |  0.000 |  0.000 |  0.000 || body.sub.13.res.1.bias
 | -0.001 | -0.079 |  0.067 |  0.025 || body.sub.13.res.3.weight
 |  0.000 |  0.000 |  0.000 |  0.000 || body.sub.13.res.3.bias
 |  0.000 | -0.084 |  0.086 |  0.025 || body.sub.13.res.4.weight
 |  0.000 |  0.000 |  0.000 |  0.000 || body.sub.13.res.4.bias
 | -0.001 | -0.074 |  0.064 |  0.025 || body.sub.14.res.0.weight
 |  0.000 |  0.000 |  0.000 |  0.000 || body.sub.14.res.0.bias
 |  0.000 | -0.086 |  0.082 |  0.025 || body.sub.14.res.1.weight
 |  0.000 |  0.000 |  0.000 |  0.000 || body.sub.14.res.1.bias
 |  0.002 | -0.077 |  0.075 |  0.025 || body.sub.14.res.3.weight
 |  0.000 |  0.000 |  0.000 |  0.000 || body.sub.14.res.3.bias
 |  0.000 | -0.089 |  0.086 |  0.025 || body.sub.14.res.4.weight
 |  0.000 |  0.000 |  0.000 |  0.000 || body.sub.14.res.4.bias
 | -0.001 | -0.075 |  0.074 |  0.025 || body.sub.15.res.0.weight
 |  0.000 |  0.000 |  0.000 |  0.000 || body.sub.15.res.0.bias
 | -0.000 | -0.087 |  0.086 |  0.025 || body.sub.15.res.1.weight
 |  0.000 |  0.000 |  0.000 |  0.000 || body.sub.15.res.1.bias
 |  0.000 | -0.065 |  0.071 |  0.025 || body.sub.15.res.3.weight
 |  0.000 |  0.000 |  0.000 |  0.000 || body.sub.15.res.3.bias
 | -0.000 | -0.103 |  0.082 |  0.025 || body.sub.15.res.4.weight
 |  0.000 |  0.000 |  0.000 |  0.000 || body.sub.15.res.4.bias
 |  0.000 | -0.033 |  0.032 |  0.008 || body.sub.16.weight
 |  0.000 |  0.000 |  0.000 |  0.000 || body.sub.16.bias
 | -0.000 | -0.034 |  0.038 |  0.008 || tail.1.weight
 |  0.000 |  0.000 |  0.000 |  0.000 || tail.1.bias
 | -0.000 | -0.033 |  0.033 |  0.008 || tail.3.weight
 |  0.000 |  0.000 |  0.000 |  0.000 || tail.3.bias
 | -0.000 | -0.026 |  0.027 |  0.008 || tail.5.weight
 |  0.000 | -0.063 |  0.064 |  0.018 || copress.weight
 |  0.000 |  0.000 |  0.000 |  0.000 || copress.bias

25-10-19 02:30:54.792 :   task: 0529msrresnet_gan_kd_x2_s4_for nc128 le-4 IR 20000
  model: gan
  gpu_ids: [0]
  scale: 2
  n_channels: 1
  sigma: [0, 50]
  sigma_test: 0
  merge_bn: False
  merge_bn_startpoint: 400000
  path:[
    root: superresolution
    pretrained_netG: None
    pretrained_netD: None
    task: superresolution/0529msrresnet_gan_kd_x2_s4_for nc128 le-4 IR 20000
    log: superresolution/0529msrresnet_gan_kd_x2_s4_for nc128 le-4 IR 20000
    options: superresolution/0529msrresnet_gan_kd_x2_s4_for nc128 le-4 IR 20000/options
    models: superresolution/0529msrresnet_gan_kd_x2_s4_for nc128 le-4 IR 20000/models
    images: superresolution/0529msrresnet_gan_kd_x2_s4_for nc128 le-4 IR 20000/images
  ]
  datasets:[
    train:[
      name: train_dataset
      dataset_type: sr
      dataroot_H: /home/pamasi/deep_learning/ir/dataset_sr/dataset_CIDIS_sisr_x8/thermal/train/GT
      dataroot_L: /home/pamasi/deep_learning/ir/dataset_sr/dataset_CIDIS_sisr_x8/thermal/train/LR_x8
      H_size: 96
      dataloader_shuffle: True
      dataloader_num_workers: 8
      dataloader_batch_size: 32
      phase: train
      scale: 2
      n_channels: 1
    ]
    test:[
      name: test_dataset
      dataset_type: sr
      dataroot_H: /home/pamasi/deep_learning/ir/dataset_sr/dataset_CIDIS_sisr_x8/thermal/val/GT
      dataroot_L: /home/pamasi/deep_learning/ir/dataset_sr/dataset_CIDIS_sisr_x8/thermal/val/LR_x8
      phase: test
      scale: 2
      n_channels: 1
    ]
  ]
  netG:[
    net_type: msrresnet0
    en_net_type: D_msrresnet0
    enhance: no_enhance
    in_nc: 1
    out_nc: 1
    nc: 64
    nb: 16
    gc: 32
    ng: 2
    reduction: 16
    act_mode: R
    upsample_mode: upconv
    downsample_mode: strideconv
    init_type: orthogonal
    init_bn_type: uniform
    init_gain: 0.2
    scale: 2
  ]
  netD:[
    net_type: discriminator_vgg_96
    in_nc: 1
    act_mode: BL
    base_nc: 64
    init_type: orthogonal
    init_bn_type: uniform
    init_gain: 0.2
  ]
  train:[
    G_lossfn_type: l1
    G_lossfn_weight: 0.01
    F_lossfn_type: l1
    F_lossfn_weight: 1
    gan_type: ragan
    D_lossfn_weight: 0.005
    D_init_iters: 0
    G_optimizer_type: adam
    G_optimizer_lr: 0.0001
    G_optimizer_wd: 0
    D_optimizer_type: adam
    D_optimizer_lr: 0.0001
    D_optimizer_wd: 0
    G_scheduler_type: MultiStepLR
    G_scheduler_milestones: [100000, 200000, 1200000, 2000000]
    G_scheduler_gamma: 0.5
    D_scheduler_type: MultiStepLR
    D_scheduler_milestones: [100000, 200000, 1200000, 2000000]
    D_scheduler_gamma: 0.5
    checkpoint_test: 5000
    checkpoint_save: 5000
    checkpoint_print: 200
  ]
  opt_path: options/train_kdsrgan.json
  is_train: True

25-10-19 02:30:54.792 : Random seed: 2788
25-10-19 02:30:54.796 : Number of train images: 700, iters: 22
25-10-19 02:30:59.653 : 
Networks name: D_msrresnet0
Params number: 310432
Net structure:
D_msrresnet0(
  (KD): KDB(
    (c1_d): Sequential(
      (0): Conv2d(64, 64, kernel_size=(1, 1), stride=(1, 1), groups=64)
      (1): Conv2d(64, 32, kernel_size=(1, 1), stride=(1, 1))
    )
    (c1_r): Sequential(
      (0): Conv2d(64, 64, kernel_size=(3, 3), stride=(1, 1), padding=(1, 1), groups=64)
      (1): Conv2d(64, 64, kernel_size=(1, 1), stride=(1, 1))
    )
    (c2_d): Sequential(
      (0): Conv2d(64, 64, kernel_size=(1, 1), stride=(1, 1), groups=64)
      (1): Conv2d(64, 32, kernel_size=(1, 1), stride=(1, 1))
    )
    (c2_r): Sequential(
      (0): Conv2d(64, 64, kernel_size=(3, 3), stride=(1, 1), padding=(1, 1), groups=64)
      (1): Conv2d(64, 64, kernel_size=(1, 1), stride=(1, 1))
    )
    (c3_d): Sequential(
      (0): Conv2d(64, 64, kernel_size=(1, 1), stride=(1, 1), groups=64)
      (1): Conv2d(64, 32, kernel_size=(1, 1), stride=(1, 1))
    )
    (c3_r): Sequential(
      (0): Conv2d(64, 64, kernel_size=(3, 3), stride=(1, 1), padding=(1, 1), groups=64)
      (1): Conv2d(64, 64, kernel_size=(1, 1), stride=(1, 1))
    )
    (c4): Sequential(
      (0): Conv2d(64, 64, kernel_size=(3, 3), stride=(1, 1), padding=(1, 1), groups=64)
      (1): Conv2d(64, 32, kernel_size=(1, 1), stride=(1, 1))
    )
    (act): LeakyReLU(negative_slope=0.05, inplace=True)
    (c5): Sequential(
      (0): Conv2d(128, 128, kernel_size=(1, 1), stride=(1, 1), groups=128)
      (1): Conv2d(128, 64, kernel_size=(1, 1), stride=(1, 1))
    )
    (esa): ESA(
      (conv1): Sequential(
        (0): Conv2d(64, 64, kernel_size=(1, 1), stride=(1, 1), groups=64)
        (1): Conv2d(64, 16, kernel_size=(1, 1), stride=(1, 1))
      )
      (conv_f): Sequential(
        (0): Conv2d(16, 16, kernel_size=(1, 1), stride=(1, 1), groups=16)
        (1): Conv2d(16, 16, kernel_size=(1, 1), stride=(1, 1))
      )
      (conv_max): Sequential(
        (0): Conv2d(16, 16, kernel_size=(3, 3), stride=(1, 1), padding=(1, 1), groups=16)
        (1): Conv2d(16, 16, kernel_size=(1, 1), stride=(1, 1))
      )
      (conv2): Sequential(
        (0): Conv2d(16, 16, kernel_size=(3, 3), stride=(2, 2), padding=(1, 1), groups=16)
        (1): Conv2d(16, 16, kernel_size=(1, 1), stride=(1, 1))
      )
      (conv3): Sequential(
        (0): Conv2d(16, 16, kernel_size=(3, 3), stride=(1, 1), padding=(1, 1), groups=16)
        (1): Conv2d(16, 16, kernel_size=(1, 1), stride=(1, 1))
      )
      (conv3_): Sequential(
        (0): Conv2d(16, 16, kernel_size=(3, 3), stride=(1, 1), padding=(1, 1), groups=16)
        (1): Conv2d(16, 16, kernel_size=(1, 1), stride=(1, 1))
      )
      (conv4): Sequential(
        (0): Conv2d(16, 16, kernel_size=(1, 1), stride=(1, 1), groups=16)
        (1): Conv2d(16, 64, kernel_size=(1, 1), stride=(1, 1))
      )
      (sigmoid): Sigmoid()
      (relu): ReLU(inplace=True)
    )
  )
  (head): Conv2d(1, 64, kernel_size=(3, 3), stride=(1, 1), padding=(1, 1))
  (body): Identity + 
  |Sequential(
  |  (0): ResBlock(
  |    (res): Sequential(
  |      (0): Conv2d(64, 64, kernel_size=(3, 3), stride=(1, 1), padding=(1, 1), groups=64)
  |      (1): Conv2d(64, 64, kernel_size=(1, 1), stride=(1, 1))
  |      (2): ReLU(inplace=True)
  |      (3): Conv2d(64, 64, kernel_size=(3, 3), stride=(1, 1), padding=(1, 1), groups=64)
  |      (4): Conv2d(64, 64, kernel_size=(1, 1), stride=(1, 1))
  |    )
  |  )
  |  (1): ResBlock(
  |    (res): Sequential(
  |      (0): Conv2d(64, 64, kernel_size=(3, 3), stride=(1, 1), padding=(1, 1), groups=64)
  |      (1): Conv2d(64, 64, kernel_size=(1, 1), stride=(1, 1))
  |      (2): ReLU(inplace=True)
  |      (3): Conv2d(64, 64, kernel_size=(3, 3), stride=(1, 1), padding=(1, 1), groups=64)
  |      (4): Conv2d(64, 64, kernel_size=(1, 1), stride=(1, 1))
  |    )
  |  )
  |  (2): ResBlock(
  |    (res): Sequential(
  |      (0): Conv2d(64, 64, kernel_size=(3, 3), stride=(1, 1), padding=(1, 1), groups=64)
  |      (1): Conv2d(64, 64, kernel_size=(1, 1), stride=(1, 1))
  |      (2): ReLU(inplace=True)
  |      (3): Conv2d(64, 64, kernel_size=(3, 3), stride=(1, 1), padding=(1, 1), groups=64)
  |      (4): Conv2d(64, 64, kernel_size=(1, 1), stride=(1, 1))
  |    )
  |  )
  |  (3): ResBlock(
  |    (res): Sequential(
  |      (0): Conv2d(64, 64, kernel_size=(3, 3), stride=(1, 1), padding=(1, 1), groups=64)
  |      (1): Conv2d(64, 64, kernel_size=(1, 1), stride=(1, 1))
  |      (2): ReLU(inplace=True)
  |      (3): Conv2d(64, 64, kernel_size=(3, 3), stride=(1, 1), padding=(1, 1), groups=64)
  |      (4): Conv2d(64, 64, kernel_size=(1, 1), stride=(1, 1))
  |    )
  |  )
  |  (4): ResBlock(
  |    (res): Sequential(
  |      (0): Conv2d(64, 64, kernel_size=(3, 3), stride=(1, 1), padding=(1, 1), groups=64)
  |      (1): Conv2d(64, 64, kernel_size=(1, 1), stride=(1, 1))
  |      (2): ReLU(inplace=True)
  |      (3): Conv2d(64, 64, kernel_size=(3, 3), stride=(1, 1), padding=(1, 1), groups=64)
  |      (4): Conv2d(64, 64, kernel_size=(1, 1), stride=(1, 1))
  |    )
  |  )
  |  (5): ResBlock(
  |    (res): Sequential(
  |      (0): Conv2d(64, 64, kernel_size=(3, 3), stride=(1, 1), padding=(1, 1), groups=64)
  |      (1): Conv2d(64, 64, kernel_size=(1, 1), stride=(1, 1))
  |      (2): ReLU(inplace=True)
  |      (3): Conv2d(64, 64, kernel_size=(3, 3), stride=(1, 1), padding=(1, 1), groups=64)
  |      (4): Conv2d(64, 64, kernel_size=(1, 1), stride=(1, 1))
  |    )
  |  )
  |  (6): ResBlock(
  |    (res): Sequential(
  |      (0): Conv2d(64, 64, kernel_size=(3, 3), stride=(1, 1), padding=(1, 1), groups=64)
  |      (1): Conv2d(64, 64, kernel_size=(1, 1), stride=(1, 1))
  |      (2): ReLU(inplace=True)
  |      (3): Conv2d(64, 64, kernel_size=(3, 3), stride=(1, 1), padding=(1, 1), groups=64)
  |      (4): Conv2d(64, 64, kernel_size=(1, 1), stride=(1, 1))
  |    )
  |  )
  |  (7): ResBlock(
  |    (res): Sequential(
  |      (0): Conv2d(64, 64, kernel_size=(3, 3), stride=(1, 1), padding=(1, 1), groups=64)
  |      (1): Conv2d(64, 64, kernel_size=(1, 1), stride=(1, 1))
  |      (2): ReLU(inplace=True)
  |      (3): Conv2d(64, 64, kernel_size=(3, 3), stride=(1, 1), padding=(1, 1), groups=64)
  |      (4): Conv2d(64, 64, kernel_size=(1, 1), stride=(1, 1))
  |    )
  |  )
  |  (8): ResBlock(
  |    (res): Sequential(
  |      (0): Conv2d(64, 64, kernel_size=(3, 3), stride=(1, 1), padding=(1, 1), groups=64)
  |      (1): Conv2d(64, 64, kernel_size=(1, 1), stride=(1, 1))
  |      (2): ReLU(inplace=True)
  |      (3): Conv2d(64, 64, kernel_size=(3, 3), stride=(1, 1), padding=(1, 1), groups=64)
  |      (4): Conv2d(64, 64, kernel_size=(1, 1), stride=(1, 1))
  |    )
  |  )
  |  (9): ResBlock(
  |    (res): Sequential(
  |      (0): Conv2d(64, 64, kernel_size=(3, 3), stride=(1, 1), padding=(1, 1), groups=64)
  |      (1): Conv2d(64, 64, kernel_size=(1, 1), stride=(1, 1))
  |      (2): ReLU(inplace=True)
  |      (3): Conv2d(64, 64, kernel_size=(3, 3), stride=(1, 1), padding=(1, 1), groups=64)
  |      (4): Conv2d(64, 64, kernel_size=(1, 1), stride=(1, 1))
  |    )
  |  )
  |  (10): ResBlock(
  |    (res): Sequential(
  |      (0): Conv2d(64, 64, kernel_size=(3, 3), stride=(1, 1), padding=(1, 1), groups=64)
  |      (1): Conv2d(64, 64, kernel_size=(1, 1), stride=(1, 1))
  |      (2): ReLU(inplace=True)
  |      (3): Conv2d(64, 64, kernel_size=(3, 3), stride=(1, 1), padding=(1, 1), groups=64)
  |      (4): Conv2d(64, 64, kernel_size=(1, 1), stride=(1, 1))
  |    )
  |  )
  |  (11): ResBlock(
  |    (res): Sequential(
  |      (0): Conv2d(64, 64, kernel_size=(3, 3), stride=(1, 1), padding=(1, 1), groups=64)
  |      (1): Conv2d(64, 64, kernel_size=(1, 1), stride=(1, 1))
  |      (2): ReLU(inplace=True)
  |      (3): Conv2d(64, 64, kernel_size=(3, 3), stride=(1, 1), padding=(1, 1), groups=64)
  |      (4): Conv2d(64, 64, kernel_size=(1, 1), stride=(1, 1))
  |    )
  |  )
  |  (12): ResBlock(
  |    (res): Sequential(
  |      (0): Conv2d(64, 64, kernel_size=(3, 3), stride=(1, 1), padding=(1, 1), groups=64)
  |      (1): Conv2d(64, 64, kernel_size=(1, 1), stride=(1, 1))
  |      (2): ReLU(inplace=True)
  |      (3): Conv2d(64, 64, kernel_size=(3, 3), stride=(1, 1), padding=(1, 1), groups=64)
  |      (4): Conv2d(64, 64, kernel_size=(1, 1), stride=(1, 1))
  |    )
  |  )
  |  (13): ResBlock(
  |    (res): Sequential(
  |      (0): Conv2d(64, 64, kernel_size=(3, 3), stride=(1, 1), padding=(1, 1), groups=64)
  |      (1): Conv2d(64, 64, kernel_size=(1, 1), stride=(1, 1))
  |      (2): ReLU(inplace=True)
  |      (3): Conv2d(64, 64, kernel_size=(3, 3), stride=(1, 1), padding=(1, 1), groups=64)
  |      (4): Conv2d(64, 64, kernel_size=(1, 1), stride=(1, 1))
  |    )
  |  )
  |  (14): ResBlock(
  |    (res): Sequential(
  |      (0): Conv2d(64, 64, kernel_size=(3, 3), stride=(1, 1), padding=(1, 1), groups=64)
  |      (1): Conv2d(64, 64, kernel_size=(1, 1), stride=(1, 1))
  |      (2): ReLU(inplace=True)
  |      (3): Conv2d(64, 64, kernel_size=(3, 3), stride=(1, 1), padding=(1, 1), groups=64)
  |      (4): Conv2d(64, 64, kernel_size=(1, 1), stride=(1, 1))
  |    )
  |  )
  |  (15): ResBlock(
  |    (res): Sequential(
  |      (0): Conv2d(64, 64, kernel_size=(3, 3), stride=(1, 1), padding=(1, 1), groups=64)
  |      (1): Conv2d(64, 64, kernel_size=(1, 1), stride=(1, 1))
  |      (2): ReLU(inplace=True)
  |      (3): Conv2d(64, 64, kernel_size=(3, 3), stride=(1, 1), padding=(1, 1), groups=64)
  |      (4): Conv2d(64, 64, kernel_size=(1, 1), stride=(1, 1))
  |    )
  |  )
  |  (16): Conv2d(64, 64, kernel_size=(3, 3), stride=(1, 1), padding=(1, 1))
  |)
  (tail): Sequential(
    (0): Upsample(scale_factor=2.0, mode='nearest')
    (1): Conv2d(64, 64, kernel_size=(3, 3), stride=(1, 1), padding=(1, 1))
    (2): ReLU(inplace=True)
    (3): Conv2d(64, 64, kernel_size=(3, 3), stride=(1, 1), padding=(1, 1))
    (4): ReLU(inplace=True)
    (5): Conv2d(64, 1, kernel_size=(3, 3), stride=(1, 1), padding=(1, 1), bias=False)
  )
  (copress): Conv2d(128, 64, kernel_size=(1, 1), stride=(1, 1))
)

Networks name: Discriminator_VGG_96
Params number: 14142729
Net structure:
Discriminator_VGG_96(
  (features): Sequential(
    (0): Conv2d(1, 64, kernel_size=(3, 3), stride=(1, 1), padding=(1, 1))
    (1): Conv2d(64, 64, kernel_size=(4, 4), stride=(2, 2), padding=(1, 1))
    (2): BatchNorm2d(64, eps=0.0001, momentum=0.9, affine=True, track_running_stats=True)
    (3): LeakyReLU(negative_slope=0.2, inplace=True)
    (4): Conv2d(64, 128, kernel_size=(3, 3), stride=(1, 1), padding=(1, 1))
    (5): BatchNorm2d(128, eps=0.0001, momentum=0.9, affine=True, track_running_stats=True)
    (6): LeakyReLU(negative_slope=0.2, inplace=True)
    (7): Conv2d(128, 128, kernel_size=(4, 4), stride=(2, 2), padding=(1, 1))
    (8): BatchNorm2d(128, eps=0.0001, momentum=0.9, affine=True, track_running_stats=True)
    (9): LeakyReLU(negative_slope=0.2, inplace=True)
    (10): Conv2d(128, 256, kernel_size=(3, 3), stride=(1, 1), padding=(1, 1))
    (11): BatchNorm2d(256, eps=0.0001, momentum=0.9, affine=True, track_running_stats=True)
    (12): LeakyReLU(negative_slope=0.2, inplace=True)
    (13): Conv2d(256, 256, kernel_size=(4, 4), stride=(2, 2), padding=(1, 1))
    (14): BatchNorm2d(256, eps=0.0001, momentum=0.9, affine=True, track_running_stats=True)
    (15): LeakyReLU(negative_slope=0.2, inplace=True)
    (16): Conv2d(256, 512, kernel_size=(3, 3), stride=(1, 1), padding=(1, 1))
    (17): BatchNorm2d(512, eps=0.0001, momentum=0.9, affine=True, track_running_stats=True)
    (18): LeakyReLU(negative_slope=0.2, inplace=True)
    (19): Conv2d(512, 512, kernel_size=(4, 4), stride=(2, 2), padding=(1, 1))
    (20): BatchNorm2d(512, eps=0.0001, momentum=0.9, affine=True, track_running_stats=True)
    (21): LeakyReLU(negative_slope=0.2, inplace=True)
    (22): Conv2d(512, 512, kernel_size=(3, 3), stride=(1, 1), padding=(1, 1))
    (23): BatchNorm2d(512, eps=0.0001, momentum=0.9, affine=True, track_running_stats=True)
    (24): LeakyReLU(negative_slope=0.2, inplace=True)
    (25): Conv2d(512, 512, kernel_size=(4, 4), stride=(2, 2), padding=(1, 1))
    (26): BatchNorm2d(512, eps=0.0001, momentum=0.9, affine=True, track_running_stats=True)
    (27): LeakyReLU(negative_slope=0.2, inplace=True)
  )
  (classifier): Sequential(
    (0): Linear(in_features=4608, out_features=100, bias=True)
    (1): LeakyReLU(negative_slope=0.2, inplace=True)
    (2): Linear(in_features=100, out_features=1, bias=True)
  )
)

Networks name: VGGFeatureExtractor
Params number: 20024384
Net structure:
VGGFeatureExtractor(
  (features): Sequential(
    (0): Conv2d(3, 64, kernel_size=(3, 3), stride=(1, 1), padding=(1, 1))
    (1): ReLU(inplace=True)
    (2): Conv2d(64, 64, kernel_size=(3, 3), stride=(1, 1), padding=(1, 1))
    (3): ReLU(inplace=True)
    (4): MaxPool2d(kernel_size=2, stride=2, padding=0, dilation=1, ceil_mode=False)
    (5): Conv2d(64, 128, kernel_size=(3, 3), stride=(1, 1), padding=(1, 1))
    (6): ReLU(inplace=True)
    (7): Conv2d(128, 128, kernel_size=(3, 3), stride=(1, 1), padding=(1, 1))
    (8): ReLU(inplace=True)
    (9): MaxPool2d(kernel_size=2, stride=2, padding=0, dilation=1, ceil_mode=False)
    (10): Conv2d(128, 256, kernel_size=(3, 3), stride=(1, 1), padding=(1, 1))
    (11): ReLU(inplace=True)
    (12): Conv2d(256, 256, kernel_size=(3, 3), stride=(1, 1), padding=(1, 1))
    (13): ReLU(inplace=True)
    (14): Conv2d(256, 256, kernel_size=(3, 3), stride=(1, 1), padding=(1, 1))
    (15): ReLU(inplace=True)
    (16): Conv2d(256, 256, kernel_size=(3, 3), stride=(1, 1), padding=(1, 1))
    (17): ReLU(inplace=True)
    (18): MaxPool2d(kernel_size=2, stride=2, padding=0, dilation=1, ceil_mode=False)
    (19): Conv2d(256, 512, kernel_size=(3, 3), stride=(1, 1), padding=(1, 1))
    (20): ReLU(inplace=True)
    (21): Conv2d(512, 512, kernel_size=(3, 3), stride=(1, 1), padding=(1, 1))
    (22): ReLU(inplace=True)
    (23): Conv2d(512, 512, kernel_size=(3, 3), stride=(1, 1), padding=(1, 1))
    (24): ReLU(inplace=True)
    (25): Conv2d(512, 512, kernel_size=(3, 3), stride=(1, 1), padding=(1, 1))
    (26): ReLU(inplace=True)
    (27): MaxPool2d(kernel_size=2, stride=2, padding=0, dilation=1, ceil_mode=False)
    (28): Conv2d(512, 512, kernel_size=(3, 3), stride=(1, 1), padding=(1, 1))
    (29): ReLU(inplace=True)
    (30): Conv2d(512, 512, kernel_size=(3, 3), stride=(1, 1), padding=(1, 1))
    (31): ReLU(inplace=True)
    (32): Conv2d(512, 512, kernel_size=(3, 3), stride=(1, 1), padding=(1, 1))
    (33): ReLU(inplace=True)
    (34): Conv2d(512, 512, kernel_size=(3, 3), stride=(1, 1), padding=(1, 1))
  )
)

25-10-19 02:30:59.739 : 
 |  mean  |  min   |  max   |  std   || param_name          
 | -0.002 | -0.054 |  0.056 |  0.025 || KD.c1_d.0.weight
 |  0.000 |  0.000 |  0.000 |  0.000 || KD.c1_d.0.bias
 |  0.001 | -0.086 |  0.075 |  0.025 || KD.c1_d.1.weight
 |  0.000 |  0.000 |  0.000 |  0.000 || KD.c1_d.1.bias
 |  0.001 | -0.073 |  0.068 |  0.025 || KD.c1_r.0.weight
 |  0.000 |  0.000 |  0.000 |  0.000 || KD.c1_r.0.bias
 |  0.000 | -0.087 |  0.086 |  0.025 || KD.c1_r.1.weight
 |  0.000 |  0.000 |  0.000 |  0.000 || KD.c1_r.1.bias
 | -0.004 | -0.070 |  0.050 |  0.025 || KD.c2_d.0.weight
 |  0.000 |  0.000 |  0.000 |  0.000 || KD.c2_d.0.bias
 | -0.000 | -0.101 |  0.086 |  0.025 || KD.c2_d.1.weight
 |  0.000 |  0.000 |  0.000 |  0.000 || KD.c2_d.1.bias
 | -0.001 | -0.075 |  0.072 |  0.025 || KD.c2_r.0.weight
 |  0.000 |  0.000 |  0.000 |  0.000 || KD.c2_r.0.bias
 | -0.000 | -0.091 |  0.087 |  0.025 || KD.c2_r.1.weight
 |  0.000 |  0.000 |  0.000 |  0.000 || KD.c2_r.1.bias
 | -0.003 | -0.049 |  0.058 |  0.025 || KD.c3_d.0.weight
 |  0.000 |  0.000 |  0.000 |  0.000 || KD.c3_d.0.bias
 |  0.000 | -0.091 |  0.080 |  0.025 || KD.c3_d.1.weight
 |  0.000 |  0.000 |  0.000 |  0.000 || KD.c3_d.1.bias
 |  0.000 | -0.076 |  0.072 |  0.025 || KD.c3_r.0.weight
 |  0.000 |  0.000 |  0.000 |  0.000 || KD.c3_r.0.bias
 |  0.000 | -0.076 |  0.093 |  0.025 || KD.c3_r.1.weight
 |  0.000 |  0.000 |  0.000 |  0.000 || KD.c3_r.1.bias
 | -0.000 | -0.072 |  0.074 |  0.025 || KD.c4.0.weight
 |  0.000 |  0.000 |  0.000 |  0.000 || KD.c4.0.bias
 | -0.001 | -0.090 |  0.078 |  0.025 || KD.c4.1.weight
 |  0.000 |  0.000 |  0.000 |  0.000 || KD.c4.1.bias
 |  0.001 | -0.045 |  0.053 |  0.018 || KD.c5.0.weight
 |  0.000 |  0.000 |  0.000 |  0.000 || KD.c5.0.bias
 | -0.000 | -0.064 |  0.081 |  0.018 || KD.c5.1.weight
 |  0.000 |  0.000 |  0.000 |  0.000 || KD.c5.1.bias
 | -0.002 | -0.060 |  0.056 |  0.025 || KD.esa.conv1.0.weight
 |  0.000 |  0.000 |  0.000 |  0.000 || KD.esa.conv1.0.bias
 | -0.001 | -0.080 |  0.079 |  0.025 || KD.esa.conv1.1.weight
 |  0.000 |  0.000 |  0.000 |  0.000 || KD.esa.conv1.1.bias
 | -0.017 | -0.151 |  0.075 |  0.048 || KD.esa.conv_f.0.weight
 |  0.000 |  0.000 |  0.000 |  0.000 || KD.esa.conv_f.0.bias
 |  0.004 | -0.118 |  0.131 |  0.050 || KD.esa.conv_f.1.weight
 |  0.000 |  0.000 |  0.000 |  0.000 || KD.esa.conv_f.1.bias
 | -0.001 | -0.101 |  0.105 |  0.050 || KD.esa.conv_max.0.weight
 |  0.000 |  0.000 |  0.000 |  0.000 || KD.esa.conv_max.0.bias
 |  0.002 | -0.129 |  0.121 |  0.050 || KD.esa.conv_max.1.weight
 |  0.000 |  0.000 |  0.000 |  0.000 || KD.esa.conv_max.1.bias
 |  0.003 | -0.137 |  0.116 |  0.050 || KD.esa.conv2.0.weight
 |  0.000 |  0.000 |  0.000 |  0.000 || KD.esa.conv2.0.bias
 |  0.004 | -0.133 |  0.137 |  0.050 || KD.esa.conv2.1.weight
 |  0.000 |  0.000 |  0.000 |  0.000 || KD.esa.conv2.1.bias
 | -0.004 | -0.137 |  0.124 |  0.050 || KD.esa.conv3.0.weight
 |  0.000 |  0.000 |  0.000 |  0.000 || KD.esa.conv3.0.bias
 | -0.001 | -0.117 |  0.150 |  0.050 || KD.esa.conv3.1.weight
 |  0.000 |  0.000 |  0.000 |  0.000 || KD.esa.conv3.1.bias
 |  0.002 | -0.109 |  0.148 |  0.050 || KD.esa.conv3_.0.weight
 |  0.000 |  0.000 |  0.000 |  0.000 || KD.esa.conv3_.0.bias
 | -0.004 | -0.144 |  0.111 |  0.050 || KD.esa.conv3_.1.weight
 |  0.000 |  0.000 |  0.000 |  0.000 || KD.esa.conv3_.1.bias
 | -0.000 | -0.108 |  0.085 |  0.052 || KD.esa.conv4.0.weight
 |  0.000 |  0.000 |  0.000 |  0.000 || KD.esa.conv4.0.bias
 |  0.001 | -0.078 |  0.087 |  0.025 || KD.esa.conv4.1.weight
 |  0.000 |  0.000 |  0.000 |  0.000 || KD.esa.conv4.1.bias
 | -0.000 | -0.075 |  0.099 |  0.025 || head.weight
 |  0.000 |  0.000 |  0.000 |  0.000 || head.bias
 | -0.001 | -0.086 |  0.082 |  0.025 || body.sub.0.res.0.weight
 |  0.000 |  0.000 |  0.000 |  0.000 || body.sub.0.res.0.bias
 | -0.001 | -0.085 |  0.084 |  0.025 || body.sub.0.res.1.weight
 |  0.000 |  0.000 |  0.000 |  0.000 || body.sub.0.res.1.bias
 | -0.001 | -0.089 |  0.076 |  0.025 || body.sub.0.res.3.weight
 |  0.000 |  0.000 |  0.000 |  0.000 || body.sub.0.res.3.bias
 |  0.000 | -0.086 |  0.086 |  0.025 || body.sub.0.res.4.weight
 |  0.000 |  0.000 |  0.000 |  0.000 || body.sub.0.res.4.bias
 |  0.000 | -0.071 |  0.078 |  0.025 || body.sub.1.res.0.weight
 |  0.000 |  0.000 |  0.000 |  0.000 || body.sub.1.res.0.bias
 | -0.001 | -0.087 |  0.096 |  0.025 || body.sub.1.res.1.weight
 |  0.000 |  0.000 |  0.000 |  0.000 || body.sub.1.res.1.bias
 | -0.001 | -0.087 |  0.072 |  0.025 || body.sub.1.res.3.weight
 |  0.000 |  0.000 |  0.000 |  0.000 || body.sub.1.res.3.bias
 | -0.000 | -0.080 |  0.083 |  0.025 || body.sub.1.res.4.weight
 |  0.000 |  0.000 |  0.000 |  0.000 || body.sub.1.res.4.bias
 | -0.001 | -0.073 |  0.067 |  0.025 || body.sub.2.res.0.weight
 |  0.000 |  0.000 |  0.000 |  0.000 || body.sub.2.res.0.bias
 |  0.000 | -0.089 |  0.087 |  0.025 || body.sub.2.res.1.weight
 |  0.000 |  0.000 |  0.000 |  0.000 || body.sub.2.res.1.bias
 | -0.000 | -0.074 |  0.073 |  0.025 || body.sub.2.res.3.weight
 |  0.000 |  0.000 |  0.000 |  0.000 || body.sub.2.res.3.bias
 | -0.000 | -0.080 |  0.094 |  0.025 || body.sub.2.res.4.weight
 |  0.000 |  0.000 |  0.000 |  0.000 || body.sub.2.res.4.bias
 |  0.001 | -0.088 |  0.076 |  0.025 || body.sub.3.res.0.weight
 |  0.000 |  0.000 |  0.000 |  0.000 || body.sub.3.res.0.bias
 |  0.000 | -0.097 |  0.090 |  0.025 || body.sub.3.res.1.weight
 |  0.000 |  0.000 |  0.000 |  0.000 || body.sub.3.res.1.bias
 | -0.001 | -0.084 |  0.066 |  0.025 || body.sub.3.res.3.weight
 |  0.000 |  0.000 |  0.000 |  0.000 || body.sub.3.res.3.bias
 | -0.000 | -0.087 |  0.078 |  0.025 || body.sub.3.res.4.weight
 |  0.000 |  0.000 |  0.000 |  0.000 || body.sub.3.res.4.bias
 |  0.000 | -0.068 |  0.080 |  0.025 || body.sub.4.res.0.weight
 |  0.000 |  0.000 |  0.000 |  0.000 || body.sub.4.res.0.bias
 |  0.000 | -0.088 |  0.083 |  0.025 || body.sub.4.res.1.weight
 |  0.000 |  0.000 |  0.000 |  0.000 || body.sub.4.res.1.bias
 |  0.000 | -0.088 |  0.087 |  0.025 || body.sub.4.res.3.weight
 |  0.000 |  0.000 |  0.000 |  0.000 || body.sub.4.res.3.bias
 |  0.001 | -0.085 |  0.086 |  0.025 || body.sub.4.res.4.weight
 |  0.000 |  0.000 |  0.000 |  0.000 || body.sub.4.res.4.bias
 |  0.000 | -0.077 |  0.077 |  0.025 || body.sub.5.res.0.weight
 |  0.000 |  0.000 |  0.000 |  0.000 || body.sub.5.res.0.bias
 |  0.000 | -0.096 |  0.083 |  0.025 || body.sub.5.res.1.weight
 |  0.000 |  0.000 |  0.000 |  0.000 || body.sub.5.res.1.bias
 |  0.001 | -0.066 |  0.077 |  0.025 || body.sub.5.res.3.weight
 |  0.000 |  0.000 |  0.000 |  0.000 || body.sub.5.res.3.bias
 | -0.000 | -0.084 |  0.087 |  0.025 || body.sub.5.res.4.weight
 |  0.000 |  0.000 |  0.000 |  0.000 || body.sub.5.res.4.bias
 |  0.001 | -0.066 |  0.078 |  0.025 || body.sub.6.res.0.weight
 |  0.000 |  0.000 |  0.000 |  0.000 || body.sub.6.res.0.bias
 |  0.000 | -0.089 |  0.083 |  0.025 || body.sub.6.res.1.weight
 |  0.000 |  0.000 |  0.000 |  0.000 || body.sub.6.res.1.bias
 | -0.001 | -0.071 |  0.076 |  0.025 || body.sub.6.res.3.weight
 |  0.000 |  0.000 |  0.000 |  0.000 || body.sub.6.res.3.bias
 |  0.000 | -0.090 |  0.097 |  0.025 || body.sub.6.res.4.weight
 |  0.000 |  0.000 |  0.000 |  0.000 || body.sub.6.res.4.bias
 | -0.002 | -0.075 |  0.069 |  0.025 || body.sub.7.res.0.weight
 |  0.000 |  0.000 |  0.000 |  0.000 || body.sub.7.res.0.bias
 | -0.000 | -0.083 |  0.078 |  0.025 || body.sub.7.res.1.weight
 |  0.000 |  0.000 |  0.000 |  0.000 || body.sub.7.res.1.bias
 | -0.000 | -0.063 |  0.083 |  0.025 || body.sub.7.res.3.weight
 |  0.000 |  0.000 |  0.000 |  0.000 || body.sub.7.res.3.bias
 | -0.000 | -0.078 |  0.082 |  0.025 || body.sub.7.res.4.weight
 |  0.000 |  0.000 |  0.000 |  0.000 || body.sub.7.res.4.bias
 | -0.000 | -0.083 |  0.062 |  0.025 || body.sub.8.res.0.weight
 |  0.000 |  0.000 |  0.000 |  0.000 || body.sub.8.res.0.bias
 |  0.000 | -0.095 |  0.086 |  0.025 || body.sub.8.res.1.weight
 |  0.000 |  0.000 |  0.000 |  0.000 || body.sub.8.res.1.bias
 |  0.001 | -0.099 |  0.077 |  0.025 || body.sub.8.res.3.weight
 |  0.000 |  0.000 |  0.000 |  0.000 || body.sub.8.res.3.bias
 |  0.000 | -0.077 |  0.086 |  0.025 || body.sub.8.res.4.weight
 |  0.000 |  0.000 |  0.000 |  0.000 || body.sub.8.res.4.bias
 |  0.000 | -0.067 |  0.072 |  0.025 || body.sub.9.res.0.weight
 |  0.000 |  0.000 |  0.000 |  0.000 || body.sub.9.res.0.bias
 | -0.000 | -0.098 |  0.077 |  0.025 || body.sub.9.res.1.weight
 |  0.000 |  0.000 |  0.000 |  0.000 || body.sub.9.res.1.bias
 |  0.000 | -0.085 |  0.073 |  0.025 || body.sub.9.res.3.weight
 |  0.000 |  0.000 |  0.000 |  0.000 || body.sub.9.res.3.bias
 |  0.001 | -0.080 |  0.086 |  0.025 || body.sub.9.res.4.weight
 |  0.000 |  0.000 |  0.000 |  0.000 || body.sub.9.res.4.bias
 |  0.001 | -0.074 |  0.065 |  0.025 || body.sub.10.res.0.weight
 |  0.000 |  0.000 |  0.000 |  0.000 || body.sub.10.res.0.bias
 |  0.000 | -0.083 |  0.087 |  0.025 || body.sub.10.res.1.weight
 |  0.000 |  0.000 |  0.000 |  0.000 || body.sub.10.res.1.bias
 | -0.000 | -0.068 |  0.070 |  0.025 || body.sub.10.res.3.weight
 |  0.000 |  0.000 |  0.000 |  0.000 || body.sub.10.res.3.bias
 | -0.000 | -0.093 |  0.088 |  0.025 || body.sub.10.res.4.weight
 |  0.000 |  0.000 |  0.000 |  0.000 || body.sub.10.res.4.bias
 | -0.000 | -0.069 |  0.085 |  0.025 || body.sub.11.res.0.weight
 |  0.000 |  0.000 |  0.000 |  0.000 || body.sub.11.res.0.bias
 | -0.000 | -0.083 |  0.081 |  0.025 || body.sub.11.res.1.weight
 |  0.000 |  0.000 |  0.000 |  0.000 || body.sub.11.res.1.bias
 |  0.002 | -0.075 |  0.077 |  0.025 || body.sub.11.res.3.weight
 |  0.000 |  0.000 |  0.000 |  0.000 || body.sub.11.res.3.bias
 | -0.000 | -0.089 |  0.096 |  0.025 || body.sub.11.res.4.weight
 |  0.000 |  0.000 |  0.000 |  0.000 || body.sub.11.res.4.bias
 |  0.001 | -0.066 |  0.073 |  0.025 || body.sub.12.res.0.weight
 |  0.000 |  0.000 |  0.000 |  0.000 || body.sub.12.res.0.bias
 |  0.000 | -0.097 |  0.101 |  0.025 || body.sub.12.res.1.weight
 |  0.000 |  0.000 |  0.000 |  0.000 || body.sub.12.res.1.bias
 |  0.001 | -0.083 |  0.073 |  0.025 || body.sub.12.res.3.weight
 |  0.000 |  0.000 |  0.000 |  0.000 || body.sub.12.res.3.bias
 | -0.000 | -0.084 |  0.071 |  0.025 || body.sub.12.res.4.weight
 |  0.000 |  0.000 |  0.000 |  0.000 || body.sub.12.res.4.bias
 | -0.001 | -0.082 |  0.075 |  0.025 || body.sub.13.res.0.weight
 |  0.000 |  0.000 |  0.000 |  0.000 || body.sub.13.res.0.bias
 |  0.000 | -0.089 |  0.085 |  0.025 || body.sub.13.res.1.weight
 |  0.000 |  0.000 |  0.000 |  0.000 || body.sub.13.res.1.bias
 | -0.001 | -0.071 |  0.078 |  0.025 || body.sub.13.res.3.weight
 |  0.000 |  0.000 |  0.000 |  0.000 || body.sub.13.res.3.bias
 |  0.001 | -0.080 |  0.084 |  0.025 || body.sub.13.res.4.weight
 |  0.000 |  0.000 |  0.000 |  0.000 || body.sub.13.res.4.bias
 |  0.001 | -0.071 |  0.075 |  0.025 || body.sub.14.res.0.weight
 |  0.000 |  0.000 |  0.000 |  0.000 || body.sub.14.res.0.bias
 | -0.000 | -0.078 |  0.086 |  0.025 || body.sub.14.res.1.weight
 |  0.000 |  0.000 |  0.000 |  0.000 || body.sub.14.res.1.bias
 |  0.001 | -0.085 |  0.069 |  0.025 || body.sub.14.res.3.weight
 |  0.000 |  0.000 |  0.000 |  0.000 || body.sub.14.res.3.bias
 | -0.000 | -0.087 |  0.097 |  0.025 || body.sub.14.res.4.weight
 |  0.000 |  0.000 |  0.000 |  0.000 || body.sub.14.res.4.bias
 |  0.000 | -0.090 |  0.094 |  0.025 || body.sub.15.res.0.weight
 |  0.000 |  0.000 |  0.000 |  0.000 || body.sub.15.res.0.bias
 |  0.001 | -0.090 |  0.095 |  0.025 || body.sub.15.res.1.weight
 |  0.000 |  0.000 |  0.000 |  0.000 || body.sub.15.res.1.bias
 | -0.000 | -0.072 |  0.101 |  0.025 || body.sub.15.res.3.weight
 |  0.000 |  0.000 |  0.000 |  0.000 || body.sub.15.res.3.bias
 |  0.000 | -0.092 |  0.077 |  0.025 || body.sub.15.res.4.weight
 |  0.000 |  0.000 |  0.000 |  0.000 || body.sub.15.res.4.bias
 |  0.000 | -0.031 |  0.035 |  0.008 || body.sub.16.weight
 |  0.000 |  0.000 |  0.000 |  0.000 || body.sub.16.bias
 | -0.000 | -0.034 |  0.035 |  0.008 || tail.1.weight
 |  0.000 |  0.000 |  0.000 |  0.000 || tail.1.bias
 |  0.000 | -0.038 |  0.035 |  0.008 || tail.3.weight
 |  0.000 |  0.000 |  0.000 |  0.000 || tail.3.bias
 |  0.000 | -0.026 |  0.026 |  0.008 || tail.5.weight
 |  0.000 | -0.065 |  0.063 |  0.018 || copress.weight
 |  0.000 |  0.000 |  0.000 |  0.000 || copress.bias

25-10-19 02:31:44.305 : <epoch:  9, iter:     200, lr:1.000e-04> G_loss: 2.088e-03 F_loss: 1.280e+00 D_loss: 4.196e-02 l_d_real: 2.270e-04 l_d_fake: 2.270e-04 D_real: 4.291e+00 D_fake: -4.100e+00 
25-10-19 02:32:28.538 : <epoch: 19, iter:     400, lr:1.000e-04> G_loss: 2.582e-03 F_loss: 1.368e+00 D_loss: 4.880e-02 l_d_real: 5.852e-05 l_d_fake: 5.794e-05 D_real: 5.202e+00 D_fake: -4.558e+00 
25-10-19 02:33:12.689 : <epoch: 28, iter:     600, lr:1.000e-04> G_loss: 2.291e-03 F_loss: 1.283e+00 D_loss: 5.300e-02 l_d_real: 2.499e-05 l_d_fake: 2.497e-05 D_real: 5.809e+00 D_fake: -4.791e+00 
25-10-19 02:33:59.178 : <epoch: 38, iter:     800, lr:1.000e-04> G_loss: 2.123e-03 F_loss: 1.278e+00 D_loss: 5.607e-02 l_d_real: 1.363e-05 l_d_fake: 1.350e-05 D_real: 6.260e+00 D_fake: -4.954e+00 
25-10-19 02:34:44.968 : <epoch: 47, iter:   1,000, lr:1.000e-04> G_loss: 2.136e-03 F_loss: 1.256e+00 D_loss: 5.855e-02 l_d_real: 8.308e-06 l_d_fake: 8.196e-06 D_real: 6.634e+00 D_fake: -5.076e+00 
25-10-19 02:35:32.003 : <epoch: 57, iter:   1,200, lr:1.000e-04> G_loss: 2.282e-03 F_loss: 1.253e+00 D_loss: 6.043e-02 l_d_real: 5.777e-06 l_d_fake: 5.692e-06 D_real: 6.945e+00 D_fake: -5.140e+00 
